,date,polarity,st,msgvolume,mv1t,mv10t
0,2013-12-03,0.0,,2,,
1,2013-12-04,0.2,,5,1.5,
2,2013-12-05,0.1111111111111111,0.1037037037037037,9,0.8,
3,2013-12-06,0.0,0.1037037037037037,2,-0.7777777777777778,
4,2013-12-07,0.0,0.037037037037037035,3,0.5,
5,2013-12-08,0.0,0.0,5,0.6666666666666666,
6,2013-12-09,0.4444444444444444,0.14814814814814814,9,0.8,
7,2013-12-10,0.25,0.23148148148148148,4,-0.5555555555555556,
8,2013-12-11,0.07407407407407407,0.2561728395061728,27,5.75,
9,2013-12-12,0.4,0.24135802469135803,5,-0.8148148148148148,
10,2013-12-13,0.2222222222222222,0.23209876543209876,9,0.8,1.267605633802817
11,2013-12-14,0.0,0.2074074074074074,4,-0.5555555555555556,0.5128205128205129
12,2013-12-15,0.42857142857142855,0.2169312169312169,7,0.75,0.9090909090909091
13,2013-12-16,0.14285714285714285,0.19047619047619047,7,0.0,0.9333333333333333
14,2013-12-17,0.25,0.2738095238095238,4,-0.42857142857142855,0.5
15,2013-12-18,0.25,0.21428571428571427,12,2.0,1.4814814814814816
16,2013-12-19,0.13131313131313133,0.21043771043771042,99,7.25,11.249999999999998
17,2013-12-20,0.18181818181818182,0.18771043771043772,77,-0.2222222222222222,4.325842696629214
18,2013-12-22,0.0,0.10437710437710439,4,-0.948051948051948,0.1593625498007968
19,2013-12-23,0.42857142857142855,0.20346320346320346,7,0.75,0.30701754385964913
20,2013-12-24,0.5,0.30952380952380953,8,0.14285714285714285,0.34782608695652173
21,2013-12-25,1.0,0.6428571428571429,1,-0.875,0.04366812227074236
22,2013-12-26,0.3333333333333333,0.611111111111111,12,11.0,0.5309734513274336
23,2013-12-27,0.2,0.5111111111111111,5,-0.5833333333333334,0.21645021645021645
24,2013-12-28,0.0,0.17777777777777778,6,0.2,0.26200873362445415
25,2013-12-29,0.0,0.06666666666666667,4,-0.3333333333333333,0.17316017316017315
26,2013-12-30,0.6666666666666666,0.2222222222222222,3,-0.25,0.13452914798206278
27,2013-12-31,0.0,0.2222222222222222,7,1.3333333333333333,0.5511811023622047
28,2014-01-01,0.0,0.2222222222222222,2,-0.7142857142857143,0.3508771929824561
29,2014-01-02,0.0,0.0,1,-0.5,0.18181818181818182
30,2014-01-03,0.0,0.0,2,1.0,0.4081632653061224
31,2014-01-04,0.6666666666666666,0.2222222222222222,3,0.5,0.6976744186046512
32,2014-01-05,-0.16666666666666666,0.16666666666666666,6,1.0,1.3333333333333333
33,2014-01-06,0.0,0.16666666666666666,10,0.6666666666666666,2.5641025641025643
34,2014-01-07,0.2222222222222222,0.018518518518518517,9,-0.1,2.0454545454545454
35,2014-01-08,0.0,0.07407407407407407,1,-0.8888888888888888,0.2127659574468085
36,2014-01-09,0.13333333333333333,0.11851851851851851,15,14.0,3.4090909090909087
37,2014-01-10,0.0,0.044444444444444446,3,-0.8,0.5357142857142857
38,2014-01-11,0.0,0.044444444444444446,2,-0.3333333333333333,0.3846153846153846
39,2014-01-12,0.5,0.16666666666666666,2,0.0,0.3846153846153846
40,2014-01-13,-0.125,0.125,16,7.0,3.018867924528302
41,2014-01-14,-0.13333333333333333,0.08055555555555556,15,-0.0625,2.2388059701492535
42,2014-01-15,0.0,-0.0861111111111111,6,-0.6,0.7594936708860759
43,2014-01-16,-0.2,-0.11111111111111112,5,-0.16666666666666666,0.6329113924050632
44,2014-01-17,0.04,-0.05333333333333334,25,4.0,3.378378378378378
45,2014-01-18,0.0,-0.05333333333333334,1,-0.96,0.1111111111111111
46,2014-01-19,0.0,0.013333333333333334,2,1.0,0.2222222222222222
47,2014-01-20,-0.25,-0.08333333333333333,4,1.0,0.5194805194805194
48,2014-01-21,0.0,-0.08333333333333333,8,1.0,1.0256410256410258
49,2014-01-22,0.0,-0.08333333333333333,7,-0.125,0.8333333333333333
50,2014-01-23,0.0,0.0,12,0.7142857142857143,1.348314606741573
51,2014-01-24,0.125,0.041666666666666664,8,-0.3333333333333333,0.9411764705882353
52,2014-01-25,-0.3333333333333333,-0.06944444444444443,3,-0.625,0.38461538461538464
53,2014-01-26,0.14285714285714285,-0.02182539682539682,7,1.3333333333333333,0.9333333333333333
54,2014-01-27,0.0,-0.06349206349206349,9,0.2857142857142857,1.1688311688311688
55,2014-01-28,0.4,0.18095238095238098,5,-0.4444444444444444,0.819672131147541
56,2014-01-29,-0.1111111111111111,0.09629629629629631,9,0.8,1.3846153846153846
57,2014-01-30,0.10526315789473684,0.1313840155945419,38,3.2222222222222223,5.277777777777778
58,2014-01-31,0.09090909090909091,0.02835371256423888,11,-0.7105263157894737,1.0377358490566038
59,2014-02-01,0.3333333333333333,0.17650186071238702,3,-0.7272727272727273,0.27522935779816515
60,2014-02-02,0.25,0.22474747474747472,4,0.3333333333333333,0.38095238095238093
61,2014-02-03,0.0,0.19444444444444442,6,0.5,0.6185567010309279
62,2014-02-04,0.14285714285714285,0.13095238095238096,7,0.16666666666666666,0.7368421052631579
63,2014-02-05,0.0,0.047619047619047616,6,-0.14285714285714285,0.6060606060606061
64,2014-02-06,0.2,0.11428571428571428,5,-0.16666666666666666,0.5102040816326531
65,2014-02-07,0.08333333333333333,0.09444444444444444,12,1.4,1.276595744680851
66,2014-02-08,1.0,0.42777777777777776,1,-0.9166666666666666,0.09900990099009901
67,2014-02-09,1.0,0.6944444444444445,1,0.0,0.1075268817204301
68,2014-02-10,0.2857142857142857,0.7619047619047619,7,6.0,1.25
69,2014-02-11,0.125,0.4702380952380952,8,0.14285714285714285,1.5384615384615383
70,2014-02-12,0.07692307692307693,0.16254578754578755,13,0.625,2.280701754385965
71,2014-02-13,0.0,0.0673076923076923,7,-0.46153846153846156,1.0606060606060606
72,2014-02-14,0.09090909090909091,0.055944055944055944,11,0.5714285714285714,1.6417910447761193
73,2014-02-15,0.5,0.196969696969697,2,-0.8181818181818182,0.28169014084507044
74,2014-02-16,0.3333333333333333,0.30808080808080807,3,0.5,0.44776119402985076
75,2014-02-17,0.0,0.27777777777777773,5,0.6666666666666666,0.7692307692307693
76,2014-02-18,0.2,0.17777777777777778,10,1.0,1.7241379310344829
77,2014-02-19,0.09090909090909091,0.09696969696969697,11,0.1,1.6417910447761193
78,2014-02-20,0.16666666666666666,0.15252525252525254,6,-0.45454545454545453,0.7792207792207793
79,2014-02-21,0.42857142857142855,0.22871572871572873,7,0.16666666666666666,0.9210526315789475
80,2014-02-22,0.25,0.28174603174603174,4,-0.42857142857142855,0.5333333333333333
81,2014-02-23,0.6666666666666666,0.4484126984126984,3,-0.25,0.4545454545454546
82,2014-02-24,0.35294117647058826,0.42320261437908496,17,4.666666666666667,2.7419354838709675
83,2014-02-25,0.25,0.42320261437908496,4,-0.7647058823529411,0.5882352941176471
84,2014-02-26,0.25,0.2843137254901961,8,1.0,1.1428571428571428
85,2014-02-27,0.3333333333333333,0.27777777777777773,9,0.125,1.2
86,2014-02-28,0.09090909090909091,0.22474747474747472,11,0.2222222222222222,1.3924050632911391
87,2014-03-01,0.1111111111111111,0.17845117845117844,9,-0.18181818181818182,1.125
88,2014-03-03,0.25,0.15067340067340065,4,-0.5555555555555556,0.5128205128205129
89,2014-03-04,0.16666666666666666,0.1759259259259259,6,0.5,0.7894736842105263
90,2014-03-05,0.3,0.2388888888888889,10,0.6666666666666666,1.3333333333333333
91,2014-03-06,0.16666666666666666,0.2111111111111111,6,-0.4,0.7407407407407408
92,2014-03-07,0.08,0.1822222222222222,25,3.1666666666666665,2.9761904761904763
93,2014-03-08,0.5,0.24888888888888885,6,-0.76,0.6521739130434783
94,2014-03-09,0.16666666666666666,0.24888888888888885,6,0.0,0.6382978723404255
95,2014-03-10,0.2,0.2888888888888889,5,-0.16666666666666666,0.5434782608695653
96,2014-03-11,0.25,0.20555555555555557,4,-0.2,0.45454545454545453
97,2014-03-12,0.2,0.21666666666666667,5,0.25,0.617283950617284
98,2014-03-13,0.1111111111111111,0.18703703703703703,9,0.8,1.1688311688311688
99,2014-03-14,0.14285714285714285,0.15132275132275133,7,-0.2222222222222222,0.853658536585366
100,2014-03-15,0.0,0.08465608465608465,4,-0.42857142857142855,0.48192771084337344
101,2014-03-16,-0.2222222222222222,-0.026455026455026454,9,1.25,1.1688311688311688
102,2014-03-17,0.2857142857142857,0.021164021164021163,7,-0.2222222222222222,0.875
103,2014-03-18,0.16666666666666666,0.0767195767195767,18,1.5714285714285714,2.903225806451613
104,2014-03-19,0.23076923076923078,0.2277167277167277,13,-0.2777777777777778,1.7567567567567566
105,2014-03-20,0.17687074829931973,0.19143554857840572,147,10.307692307692308,18.14814814814815
106,2014-03-21,-0.016,0.13054665968951684,125,-0.14965986394557823,5.605381165919282
107,2014-03-22,0.0,0.053623582766439915,9,-0.928,0.2616279069767442
108,2014-03-23,0.2222222222222222,0.06874074074074073,9,0.0,0.25862068965517243
109,2014-03-24,0.0625,0.0949074074074074,16,0.7777777777777778,0.4597701149425288
110,2014-03-25,0.08,0.12157407407407407,25,0.5625,0.7002801120448179
111,2014-03-26,0.0,0.04750000000000001,7,-0.72,0.1851851851851852
112,2014-03-27,0.375,0.15166666666666667,8,0.14285714285714285,0.2127659574468085
113,2014-03-28,-0.2,0.05833333333333333,5,-0.375,0.1326259946949602
114,2014-03-31,0.5,0.225,6,0.2,0.16483516483516483
115,2014-04-01,0.0,0.09999999999999999,6,0.0,0.1680672268907563
116,2014-04-02,0.5,0.3333333333333333,4,-0.3333333333333333,0.18518518518518517
117,2014-04-03,0.2727272727272727,0.25757575757575757,11,1.75,1.1578947368421053
118,2014-04-04,0.05555555555555555,0.2760942760942761,18,0.6363636363636364,1.8556701030927836
119,2014-04-05,1.0,0.44276094276094274,1,-0.9444444444444444,0.09433962264150944
120,2014-04-06,0.0,0.35185185185185186,1,0.0,0.10989010989010989
121,2014-04-07,0.21052631578947367,0.40350877192982454,19,18.0,2.835820895522388
122,2014-04-08,0.16129032258064516,0.12393887945670627,31,0.631578947368421,3.9240506329113924
123,2014-04-09,0.13333333333333333,0.16838332390115074,15,-0.5161290322580645,1.4705882352941178
124,2014-04-10,0.18181818181818182,0.1588139459107201,22,0.4666666666666667,1.9642857142857144
125,2014-04-11,0.0,0.10505050505050506,6,-0.7272727272727273,0.46875
126,2014-04-12,0.0,0.06060606060606061,1,-0.8333333333333334,0.078125
127,2014-04-13,0.0,0.0,1,0.0,0.08
128,2014-04-14,0.0,0.0,3,2.0,0.2608695652173913
129,2014-04-15,0.6666666666666666,0.2222222222222222,3,0.0,0.3
130,2014-04-16,0.0,0.2222222222222222,2,-0.3333333333333333,0.19607843137254904
131,2014-04-17,0.375,0.34722222222222215,8,3.0,0.7766990291262136
132,2014-04-18,0.5,0.2916666666666667,2,-0.75,0.2173913043478261
133,2014-04-19,0.125,0.3333333333333333,16,7.0,2.5396825396825395
134,2014-04-20,0.25,0.2916666666666667,4,-0.75,0.625
135,2014-04-21,0.043478260869565216,0.1394927536231884,23,4.75,5.0
136,2014-04-22,0.14285714285714285,0.14544513457556937,14,-0.391304347826087,2.2222222222222223
137,2014-04-23,0.0,0.062111801242236024,4,-0.7142857142857143,0.5263157894736842
138,2014-04-24,0.2,0.11428571428571428,5,0.25,0.6329113924050632
139,2014-04-25,0.5,0.2333333333333333,6,0.2,0.7407407407407408
140,2014-04-26,0.2,0.3,5,-0.16666666666666666,0.5952380952380952
141,2014-04-27,1.0,0.5666666666666667,1,-0.8,0.1149425287356322
142,2014-04-28,0.2857142857142857,0.4952380952380952,7,6.0,0.875
143,2014-04-29,0.0,0.42857142857142855,3,-0.5714285714285714,0.35294117647058826
144,2014-04-30,0.2,0.1619047619047619,5,0.6666666666666666,0.6944444444444444
145,2014-05-01,0.0,0.06666666666666667,4,-0.2,0.547945205479452
146,2014-05-02,0.5,0.2333333333333333,2,-0.5,0.37037037037037035
147,2014-05-04,0.3333333333333333,0.27777777777777773,3,0.5,0.7142857142857143
148,2014-05-05,0.3333333333333333,0.38888888888888884,6,1.0,1.4634146341463417
149,2014-05-06,0.2,0.2888888888888889,5,-0.16666666666666666,1.1904761904761905
150,2014-05-07,0.14285714285714285,0.2253968253968254,7,0.4,1.707317073170732
151,2014-05-08,0.0,0.11428571428571428,3,-0.5714285714285714,0.6976744186046512
152,2014-05-09,0.0,0.047619047619047616,5,0.6666666666666666,1.1111111111111112
153,2014-05-10,0.0,0.0,2,-0.6,0.46511627906976744
154,2014-05-12,0.5,0.16666666666666666,4,1.0,0.9523809523809523
155,2014-05-13,0.25,0.25,4,0.0,0.9756097560975611
156,2014-05-14,0.25,0.3333333333333333,4,0.0,0.9756097560975611
157,2014-05-15,0.0,0.16666666666666666,2,-0.5,0.46511627906976744
158,2014-05-16,0.0,0.08333333333333333,5,1.5,1.1904761904761905
159,2014-05-17,0.0,0.0,3,-0.4,0.7317073170731708
160,2014-05-18,0.3333333333333333,0.1111111111111111,3,0.0,0.7692307692307693
161,2014-05-19,0.25,0.19444444444444442,4,0.3333333333333333,1.1428571428571428
162,2014-05-20,0.1,0.22777777777777777,10,1.5,2.7777777777777777
163,2014-05-21,0.0,0.11666666666666665,4,-0.6,0.9756097560975611
164,2014-05-22,0.6,0.2333333333333333,5,0.25,1.1627906976744187
165,2014-05-23,0.391304347826087,0.3304347826086957,23,3.6,5.227272727272727
166,2014-05-24,0.3333333333333333,0.44154589371980674,3,-0.8695652173913043,0.4761904761904762
167,2014-05-25,0.3333333333333333,0.3526570048309179,3,0.0,0.48387096774193544
168,2014-05-26,0.3333333333333333,0.3333333333333333,3,0.0,0.4761904761904762
169,2014-05-27,0.3333333333333333,0.3333333333333333,6,1.0,0.9836065573770493
170,2014-05-28,0.0,0.2222222222222222,5,-0.16666666666666666,0.78125
171,2014-05-29,0.4,0.24444444444444446,5,0.0,0.7575757575757576
172,2014-05-30,0.0,0.13333333333333333,1,-0.8,0.14925373134328357
173,2014-05-31,0.0,0.13333333333333333,2,1.0,0.3448275862068966
174,2014-06-01,0.0,0.0,1,-0.5,0.17857142857142858
175,2014-06-02,0.25,0.08333333333333333,4,3.0,0.7692307692307692
176,2014-06-03,0.4,0.21666666666666667,5,0.25,1.5151515151515151
177,2014-06-04,0.3333333333333333,0.3277777777777778,9,0.8,2.5714285714285716
178,2014-06-05,0.3333333333333333,0.35555555555555557,6,-0.3333333333333333,1.4634146341463417
179,2014-06-06,0.25,0.3055555555555555,8,0.3333333333333333,1.8181818181818181
180,2014-06-07,0.5,0.3611111111111111,2,-0.75,0.4347826086956522
181,2014-06-08,0.16666666666666666,0.3055555555555555,6,2.0,1.3953488372093024
182,2014-06-09,0.16666666666666666,0.27777777777777773,6,0.0,1.3636363636363635
183,2014-06-10,0.42857142857142855,0.25396825396825395,7,0.16666666666666666,1.4285714285714284
184,2014-06-11,0.2,0.2650793650793651,15,1.1428571428571428,2.7777777777777777
185,2014-06-12,0.1,0.24285714285714288,20,0.3333333333333333,2.9411764705882355
186,2014-06-13,0.16666666666666666,0.15555555555555556,6,-0.7,0.7142857142857143
187,2014-06-14,0.0,0.08888888888888889,3,-0.5,0.35294117647058826
188,2014-06-15,0.0,0.05555555555555555,2,-0.3333333333333333,0.2531645569620253
189,2014-06-16,0.0,0.0,1,-0.5,0.13333333333333333
190,2014-06-17,0.0,0.0,3,2.0,0.4411764705882353
191,2014-06-18,0.36363636363636365,0.12121212121212122,11,2.6666666666666665,1.5942028985507246
192,2014-06-19,0.0,0.12121212121212122,8,-0.2727272727272727,1.081081081081081
193,2014-06-20,0.0,0.12121212121212122,4,-0.5,0.5263157894736842
194,2014-06-21,0.6666666666666666,0.2222222222222222,3,-0.25,0.4109589041095891
195,2014-06-22,0.0,0.2222222222222222,3,0.0,0.49180327868852464
196,2014-06-23,0.2222222222222222,0.2962962962962963,27,8.0,6.136363636363636
197,2014-06-24,0.375,0.19907407407407407,8,-0.7037037037037037,1.2307692307692308
198,2014-06-25,0.14285714285714285,0.24669312169312166,14,0.75,2.0
199,2014-06-26,0.14285714285714285,0.22023809523809523,210,14.0,25.60975609756098
200,2014-06-27,0.13513513513513514,0.1402831402831403,111,-0.4714285714285714,3.8144329896907214
201,2014-06-28,0.14285714285714285,0.1402831402831403,14,-0.8738738738738738,0.3508771929824562
202,2014-06-29,0.0,0.09266409266409266,3,-0.7857142857142857,0.07462686567164178
203,2014-06-30,0.05555555555555555,0.06613756613756613,18,5.0,0.4534005037783375
204,2014-07-01,0.3333333333333333,0.12962962962962962,15,-0.16666666666666666,0.36496350364963503
205,2014-07-02,0.125,0.17129629629629628,8,-0.4666666666666667,0.18912529550827425
206,2014-07-03,0.25,0.23611111111111108,8,0.0,0.1869158878504673
207,2014-07-04,0.0,0.125,2,-0.75,0.0488997555012225
208,2014-07-05,1.0,0.4166666666666667,1,-0.5,0.02481389578163772
209,2014-07-06,0.0,0.3333333333333333,1,0.0,0.02564102564102564
210,2014-07-07,0.2857142857142857,0.42857142857142855,14,13.0,0.7734806629834253
211,2014-07-08,0.2,0.1619047619047619,10,-0.2857142857142857,1.1904761904761905
212,2014-07-09,0.2,0.22857142857142856,10,0.0,1.25
213,2014-07-10,0.5,0.3,4,-0.6,0.4597701149425288
214,2014-07-11,0.0,0.2333333333333333,5,0.25,0.684931506849315
215,2014-07-12,0.0,0.16666666666666666,4,-0.2,0.6349206349206349
216,2014-07-13,0.0,0.0,2,-0.5,0.3389830508474576
217,2014-07-14,0.25,0.08333333333333333,4,1.0,0.7547169811320755
218,2014-07-15,0.0,0.08333333333333333,4,0.0,0.7272727272727273
219,2014-07-16,0.2,0.15,5,0.25,0.8620689655172414
220,2014-07-17,0.2222222222222222,0.14074074074074075,9,0.8,1.4516129032258065
221,2014-07-18,0.25,0.2240740740740741,4,-0.5555555555555556,0.7017543859649122
222,2014-07-21,0.0,0.1574074074074074,4,0.0,0.7843137254901962
223,2014-07-22,0.0,0.08333333333333333,2,-0.5,0.4444444444444444
224,2014-07-23,0.18181818181818182,0.06060606060606061,11,4.5,2.558139534883721
225,2014-07-24,0.1875,0.12310606060606061,16,0.45454545454545453,3.265306122448979
226,2014-07-25,0.25,0.20643939393939395,12,-0.25,1.9672131147540985
227,2014-07-27,0.0,0.14583333333333334,1,-0.9166666666666666,0.14084507042253522
228,2014-07-28,0.5,0.25,2,1.0,0.29411764705882354
229,2014-07-29,0.4,0.3,5,1.5,0.7575757575757576
230,2014-07-30,0.23809523809523808,0.37936507936507935,21,3.2,3.181818181818182
231,2014-07-31,0.1,0.24603174603174605,10,-0.5238095238095238,1.2820512820512822
232,2014-08-01,0.16666666666666666,0.16825396825396824,6,-0.4,0.7142857142857143
233,2014-08-02,1.0,0.4222222222222223,1,-0.8333333333333334,0.11627906976744186
234,2014-08-03,0.0,0.3888888888888889,2,1.0,0.23529411764705882
235,2014-08-04,0.0,0.3333333333333333,1,-0.5,0.13157894736842105
236,2014-08-05,0.0,0.0,4,3.0,0.6557377049180328
237,2014-08-06,0.2,0.06666666666666667,5,0.25,0.9433962264150944
238,2014-08-07,0.0,0.06666666666666667,5,0.0,0.8771929824561403
239,2014-08-08,0.125,0.10833333333333334,8,0.6,1.3333333333333333
240,2014-08-09,0.0,0.041666666666666664,2,-0.75,0.31746031746031744
241,2014-08-10,0.25,0.125,8,3.0,1.8181818181818181
242,2014-08-11,0.0,0.08333333333333333,5,-0.375,1.1904761904761905
243,2014-08-12,0.0,0.08333333333333333,4,-0.2,0.9756097560975611
244,2014-08-13,0.6666666666666666,0.2222222222222222,3,-0.25,0.6818181818181818
245,2014-08-15,0.0,0.2222222222222222,2,-0.3333333333333333,0.4444444444444444
246,2014-08-18,0.5,0.38888888888888884,6,2.0,1.3043478260869565
247,2014-08-19,0.16666666666666666,0.2222222222222222,6,0.0,1.25
248,2014-08-20,0.3333333333333333,0.3333333333333333,3,-0.5,0.6122448979591836
249,2014-08-21,0.07142857142857142,0.19047619047619047,14,3.6666666666666665,2.978723404255319
250,2014-08-22,0.07142857142857142,0.15873015873015872,14,0.0,2.6415094339622645
251,2014-08-23,0.5,0.21428571428571427,4,-0.7142857142857143,0.6153846153846154
252,2014-08-24,0.25,0.2738095238095238,4,0.0,0.6557377049180328
253,2014-08-25,0.375,0.375,24,5.0,4.0
254,2014-08-26,0.36363636363636365,0.32954545454545453,11,-0.5416666666666666,1.375
255,2014-08-27,0.0,0.24621212121212122,4,-0.6363636363636364,0.45454545454545453
256,2014-08-28,0.0,0.12121212121212122,3,-0.25,0.3333333333333333
257,2014-08-29,0.16666666666666666,0.05555555555555555,6,1.0,0.6896551724137931
258,2014-08-30,0.0,0.05555555555555555,3,-0.5,0.3448275862068966
259,2014-08-31,0.16666666666666666,0.1111111111111111,6,1.0,0.6896551724137931
260,2014-09-01,0.5,0.2222222222222222,2,-0.6666666666666666,0.2531645569620253
261,2014-09-02,0.07142857142857142,0.24603174603174602,14,6.0,2.08955223880597
262,2014-09-03,-0.2222222222222222,0.1164021164021164,9,-0.35714285714285715,1.1688311688311688
263,2014-09-04,0.1875,0.012235449735449738,16,0.7777777777777778,1.9512195121951221
264,2014-09-05,0.3076923076923077,0.0909900284900285,52,2.25,7.027027027027026
265,2014-09-06,0.375,0.2900641025641026,8,-0.8461538461538461,0.6956521739130435
266,2014-09-07,0.16666666666666666,0.2831196581196581,6,-0.25,0.5042016806722689
267,2014-09-08,0.17647058823529413,0.23937908496732027,34,4.666666666666667,2.7868852459016393
268,2014-09-09,0.17647058823529413,0.173202614379085,17,-0.5,1.1333333333333333
269,2014-09-10,0.09090909090909091,0.14795008912655971,11,-0.35294117647058826,0.6707317073170732
270,2014-09-11,0.14285714285714285,0.13674560733384264,7,-0.36363636363636365,0.4142011834319527
271,2014-09-12,0.0,0.07792207792207792,6,-0.14285714285714285,0.3448275862068966
272,2014-09-13,0.0,0.047619047619047616,4,-0.3333333333333333,0.24096385542168672
273,2014-09-14,0.21428571428571427,0.07142857142857142,14,2.5,0.8695652173913043
274,2014-09-15,0.125,0.1130952380952381,8,-0.42857142857142855,0.5031446540880503
275,2014-09-16,0.2,0.17976190476190476,5,-0.375,0.43478260869565216
276,2014-09-17,0.13333333333333333,0.1527777777777778,15,2.0,1.3392857142857144
277,2014-09-18,0.0,0.11111111111111112,6,-0.6,0.49586776859504134
278,2014-09-19,0.15384615384615385,0.09572649572649572,13,1.1666666666666667,1.3978494623655913
279,2014-09-20,0.5,0.21794871794871795,2,-0.8461538461538461,0.2247191011235955
280,2014-09-22,0.0,0.21794871794871795,17,7.5,2.125
281,2014-09-23,0.09090909090909091,0.196969696969697,11,-0.35294117647058826,1.2222222222222223
282,2014-09-24,0.36363636363636365,0.15151515151515152,22,1.0,2.3157894736842106
283,2014-09-25,0.1443850267379679,0.19964349376114085,187,7.5,16.548672566371682
284,2014-09-26,0.128099173553719,0.21204018797601684,242,0.29411764705882354,8.461538461538462
285,2014-09-27,0.2413793103448276,0.17128783687883817,29,-0.8801652892561983,0.5576923076923077
286,2014-09-28,0.25,0.2064928279661822,12,-0.5862068965517241,0.22058823529411764
287,2014-09-29,0.03389830508474576,0.17509253847652448,59,3.9166666666666665,1.0905730129390019
288,2014-09-30,0.0967741935483871,0.12689083287771094,31,-0.4745762711864407,0.521885521885522
289,2014-10-01,0.3076923076923077,0.14612160210848021,13,-0.5806451612903226,0.21241830065359477
290,2014-10-02,0.22727272727272727,0.21057974283780737,22,0.6923076923076923,0.3531300160513644
291,2014-10-03,0.15789473684210525,0.23095325726904672,19,-0.13636363636363635,0.30254777070063693
292,2014-10-04,0.4,0.2617224880382775,5,-0.7368421052631579,0.07861635220125786
293,2014-10-05,0.38461538461538464,0.31417004048583,13,1.6,0.210016155088853
294,2014-10-06,0.25,0.3448717948717948,16,0.23076923076923078,0.3595505617977528
295,2014-10-07,0.25,0.2948717948717949,8,-0.5,0.36529680365296807
296,2014-10-08,0.8,0.43333333333333335,5,-0.375,0.25252525252525254
297,2014-10-09,0.5,0.5166666666666667,4,-0.2,0.20942408376963348
298,2014-10-10,0.3,0.5333333333333333,10,1.5,0.7352941176470589
299,2014-10-11,0.16666666666666666,0.32222222222222224,12,0.2,1.0434782608695652
300,2014-10-12,0.0,0.15555555555555556,8,-0.3333333333333333,0.7017543859649122
301,2014-10-13,0.16666666666666666,0.1111111111111111,6,-0.25,0.6
302,2014-10-14,0.0,0.05555555555555555,6,0.0,0.6896551724137931
303,2014-10-15,0.1111111111111111,0.0925925925925926,18,2.0,2.0454545454545454
304,2014-10-16,-0.16666666666666666,-0.018518518518518517,6,-0.6666666666666666,0.6451612903225806
305,2014-10-17,0.14285714285714285,0.0291005291005291,7,0.16666666666666666,0.8433734939759036
306,2014-10-18,0.0,-0.007936507936507936,6,-0.14285714285714285,0.7317073170731708
307,2014-10-19,0.2222222222222222,0.12169312169312169,9,0.5,1.0843373493975903
308,2014-10-20,0.0,0.07407407407407407,5,-0.4444444444444444,0.5681818181818181
309,2014-10-21,0.2608695652173913,0.1610305958132045,23,3.6,2.7710843373493974
310,2014-10-22,0.14285714285714285,0.13457556935817805,14,-0.391304347826087,1.4893617021276595
311,2014-10-23,0.08333333333333333,0.1623533471359558,12,-0.14285714285714285,1.2
312,2014-10-24,0.0,0.07539682539682539,9,-0.25,0.8490566037735849
313,2014-10-25,0.29411764705882354,0.12581699346405228,17,0.8888888888888888,1.5596330275229358
314,2014-10-26,0.36363636363636365,0.2192513368983957,11,-0.35294117647058826,1.0185185185185184
315,2014-10-27,0.18181818181818182,0.2798573975044563,11,0.0,0.9734513274336283
316,2014-10-28,0.16666666666666666,0.23737373737373738,12,0.09090909090909091,1.0256410256410258
317,2014-10-29,0.0,0.11616161616161617,4,-0.6666666666666666,0.3252032520325203
318,2014-10-30,0.2,0.12222222222222223,10,1.5,0.847457627118644
319,2014-10-31,0.2,0.13333333333333333,10,0.0,0.8130081300813008
320,2014-11-01,0.5,0.3,4,-0.6,0.36363636363636365
321,2014-11-02,0.2,0.3,5,0.25,0.5
322,2014-11-03,0.0,0.2333333333333333,2,-0.6,0.2150537634408602
323,2014-11-04,0.6666666666666666,0.2888888888888889,3,0.5,0.3488372093023256
324,2014-11-05,0.3333333333333333,0.3333333333333333,9,2.0,1.25
325,2014-11-06,0.08333333333333333,0.3611111111111111,12,0.3333333333333333,1.7142857142857142
326,2014-11-07,0.07692307692307693,0.16452991452991453,13,0.08333333333333333,1.8309859154929577
327,2014-11-08,0.5,0.22008547008547008,2,-0.8461538461538461,0.2777777777777778
328,2014-11-09,1.0,0.5256410256410257,2,0.0,0.2857142857142857
329,2014-11-10,0.3,0.6,10,4.0,1.6129032258064515
330,2014-11-11,0.16666666666666666,0.48888888888888893,12,0.2,1.9354838709677418
331,2014-11-12,0.5,0.3222222222222222,16,0.3333333333333333,2.2857142857142856
332,2014-11-13,0.0,0.2222222222222222,10,-0.375,1.234567901234568
333,2014-11-14,0.0625,0.1875,16,0.6,1.797752808988764
334,2014-11-15,0.4,0.15416666666666667,5,-0.6875,0.4901960784313726
335,2014-11-16,0.2857142857142857,0.2494047619047619,7,0.4,0.7142857142857142
336,2014-11-17,0.0,0.22857142857142856,2,-0.7142857142857143,0.2150537634408602
337,2014-11-18,0.42857142857142855,0.23809523809523805,7,2.5,0.853658536585366
338,2014-11-19,0.30434782608695654,0.24430641821946172,23,2.2857142857142856,2.6436781609195403
339,2014-11-20,0.3333333333333333,0.3554175293305728,15,-0.34782608695652173,1.3888888888888888
340,2014-11-21,0.35714285714285715,0.331608005521049,14,-0.06666666666666667,1.238938053097345
341,2014-11-22,0.25,0.3134920634920635,8,-0.42857142857142855,0.6956521739130435
342,2014-11-23,0.5,0.36904761904761907,2,-0.75,0.1869158878504673
343,2014-11-24,0.21428571428571427,0.32142857142857145,14,6.0,1.4141414141414141
344,2014-11-25,0.5,0.4047619047619048,2,-0.8571428571428571,0.2061855670103093
345,2014-11-26,0.14285714285714285,0.2857142857142857,7,2.5,0.7446808510638298
346,2014-11-27,0.0,0.21428571428571427,2,-0.7142857142857143,0.2127659574468085
347,2014-11-28,0.38461538461538464,0.17582417582417584,13,5.5,1.3829787234042552
348,2014-11-29,0.0,0.12820512820512822,2,-0.8461538461538461,0.2
349,2014-11-30,0.3333333333333333,0.23931623931623933,3,0.5,0.37974683544303794
350,2014-12-01,0.0,0.1111111111111111,6,1.0,0.8955223880597015
351,2014-12-02,0.125,0.15277777777777776,8,0.3333333333333333,1.3559322033898304
352,2014-12-03,0.5714285714285714,0.23214285714285712,7,-0.125,1.1864406779661016
353,2014-12-04,0.2222222222222222,0.3062169312169312,9,0.2857142857142857,1.40625
354,2014-12-05,0.0,0.26455026455026454,10,0.1111111111111111,1.694915254237288
355,2014-12-06,-0.25,-0.009259259259259264,4,-0.6,0.5970149253731343
356,2014-12-07,0.16666666666666666,-0.02777777777777778,6,0.5,0.9375
357,2014-12-08,0.14285714285714285,0.019841269841269844,7,0.16666666666666666,1.0294117647058825
358,2014-12-09,0.3333333333333333,0.21428571428571427,6,-0.14285714285714285,0.9677419354838709
359,2014-12-10,0.14285714285714285,0.20634920634920637,14,1.3333333333333333,2.121212121212121
360,2014-12-11,0.2727272727272727,0.24963924963924963,11,-0.21428571428571427,1.4285714285714286
361,2014-12-12,0.125,0.18019480519480516,8,-0.2727272727272727,0.9756097560975611
362,2014-12-13,0.42857142857142855,0.2754329004329004,7,-0.125,0.853658536585366
363,2014-12-14,0.0,0.18452380952380953,5,-0.2857142857142857,0.6097560975609757
364,2014-12-15,0.13793103448275862,0.18883415435139572,29,4.8,3.717948717948718
365,2014-12-16,0.07407407407407407,0.07066836951894423,27,-0.06896551724137931,2.7835051546391756
366,2014-12-17,0.21052631578947367,0.14084380811543545,19,-0.2962962962962963,1.5833333333333333
367,2014-12-18,0.22631578947368422,0.17030539311241066,190,9.0,14.285714285714285
368,2014-12-19,0.26277372262773724,0.23320527596363172,137,-0.2789473684210526,4.3354430379746836
369,2014-12-20,0.14285714285714285,0.21064888498618808,7,-0.948905109489051,0.1565995525727069
370,2014-12-21,0.0,0.13521028849496003,5,-0.2857142857142857,0.11363636363636363
371,2014-12-22,0.0,0.047619047619047616,18,2.6,0.4147465437788019
372,2014-12-23,0.375,0.125,8,-0.5555555555555556,0.1801801801801802
373,2014-12-24,0.09090909090909091,0.1553030303030303,11,0.375,0.24719101123595505
374,2014-12-25,0.25,0.23863636363636365,4,-0.6363636363636364,0.08869179600886917
375,2014-12-26,0.3333333333333333,0.22474747474747472,6,0.5,0.14084507042253522
376,2014-12-27,0.125,0.23611111111111108,8,0.3333333333333333,0.19753086419753085
377,2014-12-28,0.0,0.15277777777777776,5,-0.375,0.12690355329949238
378,2014-12-29,0.3,0.14166666666666666,10,1.0,0.47846889952153115
379,2014-12-30,0.13333333333333333,0.14444444444444446,15,0.5,1.829268292682927
380,2014-12-31,0.1111111111111111,0.18148148148148147,9,-0.4,1.0
381,2015-01-01,0.5,0.24814814814814815,2,-0.7777777777777778,0.2127659574468085
382,2015-01-02,0.125,0.24537037037037038,8,3.0,1.0256410256410258
383,2015-01-03,-0.5,0.041666666666666664,2,-0.75,0.25641025641025644
384,2015-01-05,0.14285714285714285,-0.07738095238095238,7,2.5,1.0144927536231882
385,2015-01-06,0.21428571428571427,-0.04761904761904764,14,1.0,1.9444444444444444
386,2015-01-07,0.05555555555555555,0.13756613756613756,18,0.2857142857142857,2.25
387,2015-01-08,0.0,0.08994708994708994,6,-0.6666666666666666,0.6666666666666666
388,2015-01-09,0.125,0.06018518518518518,8,0.3333333333333333,0.8791208791208791
389,2015-01-11,0.42857142857142855,0.18452380952380953,7,-0.125,0.7865168539325842
390,2015-01-12,0.0,0.18452380952380953,9,0.2857142857142857,1.1111111111111112
391,2015-01-13,0.09090909090909091,0.17316017316017315,11,0.2222222222222222,1.3580246913580247
392,2015-01-14,-0.16666666666666666,-0.02525252525252525,12,0.09090909090909091,1.3333333333333333
393,2015-01-15,0.0,-0.02525252525252525,8,-0.3333333333333333,0.851063829787234
394,2015-01-16,0.0,-0.05555555555555555,4,-0.5,0.4
395,2015-01-17,0.0,0.0,2,-0.5,0.2061855670103093
396,2015-01-18,0.0,0.0,1,-0.5,0.11764705882352941
397,2015-01-19,0.0,0.0,7,6.0,1.0294117647058825
398,2015-01-20,0.0,0.0,4,-0.42857142857142855,0.5797101449275363
399,2015-01-21,0.14285714285714285,0.047619047619047616,7,0.75,1.0769230769230769
400,2015-01-22,0.42857142857142855,0.19047619047619047,7,0.0,1.0769230769230769
401,2015-01-23,0.0,0.19047619047619047,4,-0.42857142857142855,0.6349206349206349
402,2015-01-24,0.0,0.14285714285714285,2,-0.5,0.35714285714285715
403,2015-01-26,0.2857142857142857,0.09523809523809523,7,2.5,1.5217391304347827
404,2015-01-27,0.0,0.09523809523809523,3,-0.5714285714285714,0.6666666666666666
405,2015-01-28,0.0,0.09523809523809523,5,0.6666666666666666,1.1363636363636362
406,2015-01-29,0.14285714285714285,0.047619047619047616,14,1.8,2.978723404255319
407,2015-01-30,-0.09090909090909091,0.017316017316017313,11,-0.21428571428571427,1.8333333333333333
408,2015-01-31,0.0,0.017316017316017313,3,-0.7272727272727273,0.46875
409,2015-02-01,0.2,0.03636363636363637,5,0.6666666666666666,0.7936507936507937
410,2015-02-02,0.08333333333333333,0.09444444444444444,12,1.4,1.9672131147540985
411,2015-02-03,0.0,0.09444444444444444,11,-0.08333333333333333,1.6666666666666667
412,2015-02-04,0.4375,0.17361111111111113,16,0.45454545454545453,2.191780821917808
413,2015-02-05,0.3076923076923077,0.2483974358974359,13,-0.1875,1.4942528735632186
414,2015-02-06,0.0,0.2483974358974359,17,0.3076923076923077,1.8279569892473118
415,2015-02-07,0.0,0.10256410256410257,2,-0.8823529411764706,0.1869158878504673
416,2015-02-09,0.18181818181818182,0.06060606060606061,11,4.5,1.0576923076923077
417,2015-02-10,0.3,0.1606060606060606,10,-0.09090909090909091,0.9900990099009901
418,2015-02-11,-0.05263157894736842,0.1430622009569378,19,0.9,1.9
419,2015-02-12,0.09090909090909091,0.1127591706539075,11,-0.42105263157894735,0.9482758620689655
420,2015-02-13,0.13333333333333333,0.057203615098351944,15,0.36363636363636365,1.2295081967213115
421,2015-02-14,0.0,0.07474747474747474,2,-0.8666666666666667,0.16
422,2015-02-15,0.5,0.2111111111111111,2,0.0,0.1724137931034483
423,2015-02-16,0.0,0.16666666666666666,2,0.0,0.19607843137254904
424,2015-02-17,-0.2857142857142857,0.07142857142857144,7,2.5,0.7692307692307693
425,2015-02-18,0.08333333333333333,-0.06746031746031746,12,0.7142857142857143,1.4814814814814816
426,2015-02-19,0.10526315789473684,-0.03237259816207185,19,0.5833333333333334,2.087912087912088
427,2015-02-20,0.46153846153846156,0.21671165092217726,13,-0.3157894736842105,1.3131313131313131
428,2015-02-21,0.5,0.35560053981106615,8,-0.38461538461538464,0.7843137254901962
429,2015-02-22,0.5,0.4871794871794872,2,-0.75,0.21978021978021978
430,2015-02-23,0.08333333333333333,0.36111111111111116,12,5.0,1.4634146341463417
431,2015-02-24,0.3333333333333333,0.3055555555555555,18,0.5,2.2784810126582276
432,2015-02-25,0.2916666666666667,0.23611111111111113,24,0.3333333333333333,2.526315789473684
433,2015-02-26,0.6,0.40833333333333327,10,-0.5833333333333334,0.8547008547008548
434,2015-02-27,0.42857142857142855,0.44007936507936507,7,-0.3,0.56
435,2015-02-28,0.5,0.5095238095238095,8,0.14285714285714285,0.64
436,2015-03-01,0.16666666666666666,0.36507936507936506,12,0.5,0.9917355371900827
437,2015-03-02,0.2222222222222222,0.2962962962962963,18,0.5,1.5789473684210527
438,2015-03-03,0.4166666666666667,0.2685185185185185,12,-0.3333333333333333,1.0084033613445378
439,2015-03-04,0.2857142857142857,0.3082010582010582,7,-0.4166666666666667,0.5691056910569106
440,2015-03-05,0.23529411764705882,0.31255835667600373,17,1.4285714285714286,1.328125
441,2015-03-06,0.0,0.1736694677871148,13,-0.23529411764705882,0.9774436090225563
442,2015-03-07,0.0,0.0784313725490196,6,-0.5384615384615384,0.46875
443,2015-03-08,0.2,0.06666666666666667,5,-0.16666666666666666,0.45454545454545453
444,2015-03-09,0.0,0.06666666666666667,7,0.4,0.6666666666666666
445,2015-03-10,0.2,0.13333333333333333,5,-0.2857142857142857,0.47619047619047616
446,2015-03-11,0.0,0.06666666666666667,2,-0.6,0.19607843137254904
447,2015-03-12,0.42857142857142855,0.20952380952380953,14,6.0,1.5217391304347827
448,2015-03-13,-0.13333333333333333,0.0984126984126984,15,0.07142857142857142,1.7045454545454544
449,2015-03-14,0.5,0.2650793650793651,6,-0.6,0.6593406593406593
450,2015-03-15,0.0,0.12222222222222223,8,0.3333333333333333,0.8888888888888888
451,2015-03-16,0.043478260869565216,0.18115942028985507,23,1.875,2.8395061728395063
452,2015-03-17,0.05555555555555555,0.033011272141706925,18,-0.21739130434782608,1.978021978021978
453,2015-03-18,0.18518518518518517,0.09473966720343531,27,0.5,2.6213592233009706
454,2015-03-19,0.25205479452054796,0.16426517842042956,365,12.518518518518519,29.2
455,2015-03-20,0.16299559471365638,0.20007852480646315,227,-0.3780821917808219,4.699792960662526
456,2015-03-21,0.0,0.1383501297447348,7,-0.9691629955947136,0.09929078014184398
457,2015-03-22,0.125,0.09599853157121879,8,0.14285714285714285,0.11267605633802817
458,2015-03-23,0.0,0.041666666666666664,18,1.25,0.2556818181818182
459,2015-03-24,-0.058823529411764705,0.022058823529411766,17,-0.05555555555555555,0.24045261669024046
460,2015-03-25,0.16666666666666666,0.03594771241830065,18,0.058823529411764705,0.25069637883008355
461,2015-03-26,0.2,0.10261437908496733,20,0.1111111111111111,0.27472527472527475
462,2015-03-27,0.2222222222222222,0.1962962962962963,9,-0.55,0.12413793103448276
463,2015-03-28,0.25,0.2240740740740741,8,-0.1111111111111111,0.111731843575419
464,2015-03-29,0.5,0.32407407407407407,2,-0.75,0.028694404591104734
465,2015-03-30,0.14285714285714285,0.2976190476190476,28,13.0,0.8383233532934132
466,2015-03-31,0.17647058823529413,0.27310924369747897,17,-0.39285714285714285,1.2592592592592593
467,2015-04-01,0.2857142857142857,0.2016806722689076,14,-0.17647058823529413,0.9655172413793104
468,2015-04-02,0.0,0.15406162464985995,7,-0.5,0.4635761589403974
469,2015-04-03,0.0,0.09523809523809523,7,0.0,0.5
470,2015-04-04,0.25,0.08333333333333333,4,-0.42857142857142855,0.3076923076923077
471,2015-04-05,1.0,0.4166666666666667,1,-0.75,0.08620689655172414
472,2015-04-06,0.6,0.6166666666666667,5,4.0,0.5154639175257733
473,2015-04-07,0.125,0.5750000000000001,8,0.6,0.8602150537634408
474,2015-04-08,0.23076923076923078,0.31858974358974357,13,0.625,1.3978494623655913
475,2015-04-09,0.23076923076923078,0.1955128205128205,13,0.0,1.25
476,2015-04-10,0.09090909090909091,0.18414918414918416,11,-0.15384615384615385,1.2359550561797752
477,2015-04-11,0.0,0.10722610722610722,3,-0.7272727272727273,0.36144578313253006
478,2015-04-12,0.25,0.11363636363636365,4,0.3333333333333333,0.5555555555555556
479,2015-04-13,0.2608695652173913,0.17028985507246377,23,4.75,3.333333333333333
480,2015-04-14,0.15384615384615385,0.22157190635451504,13,-0.43478260869565216,1.5294117647058822
481,2015-04-15,0.2,0.20490523968784838,20,0.5384615384615384,2.127659574468085
482,2015-04-16,0.1,0.1512820512820513,10,-0.5,0.8849557522123893
483,2015-04-17,0.25,0.18333333333333335,8,-0.2,0.6779661016949152
484,2015-04-18,0.16666666666666666,0.1722222222222222,6,-0.25,0.5084745762711864
485,2015-04-19,0.0,0.13888888888888887,1,-0.8333333333333334,0.0900900900900901
486,2015-04-20,0.25,0.13888888888888887,12,11.0,1.2121212121212122
487,2015-04-21,0.3333333333333333,0.19444444444444442,6,-0.5,0.6
488,2015-04-22,0.18181818181818182,0.255050505050505,11,0.8333333333333334,1.0679611650485437
489,2015-04-23,0.06666666666666667,0.19393939393939394,15,0.36363636363636365,1.3636363636363635
490,2015-04-24,0.26666666666666666,0.1717171717171717,15,0.0,1.4705882352941178
491,2015-04-25,0.16666666666666666,0.16666666666666666,6,-0.6,0.5769230769230769
492,2015-04-26,0.0,0.14444444444444446,4,-0.3333333333333333,0.4444444444444444
493,2015-04-27,0.0,0.05555555555555555,4,0.0,0.47619047619047616
494,2015-04-28,0.0,0.0,8,1.0,1.0
495,2015-04-29,0.25,0.08333333333333333,12,0.5,1.4634146341463417
496,2015-04-30,0.0,0.08333333333333333,11,-0.08333333333333333,1.182795698924731
497,2015-05-01,0.0,0.08333333333333333,8,-0.2727272727272727,0.8695652173913044
498,2015-05-02,0.5,0.16666666666666666,2,-0.75,0.2127659574468085
499,2015-05-03,0.5,0.3333333333333333,2,0.0,0.23529411764705882
500,2015-05-04,0.2857142857142857,0.42857142857142855,14,6.0,1.9444444444444444
501,2015-05-05,0.09090909090909091,0.2922077922077922,11,-0.21428571428571427,1.5492957746478875
502,2015-05-06,0.0,0.12554112554112554,6,-0.45454545454545453,0.7894736842105263
503,2015-05-07,0.25,0.11363636363636365,12,1.0,1.5384615384615385
504,2015-05-08,0.17647058823529413,0.14215686274509806,17,0.4166666666666667,1.9767441860465118
505,2015-05-09,0.0,0.14215686274509806,2,-0.8823529411764706,0.21052631578947367
506,2015-05-10,0.5,0.22549019607843138,2,0.0,0.23529411764705882
507,2015-05-11,0.08333333333333333,0.19444444444444445,12,5.0,1.5789473684210527
508,2015-05-12,0.15384615384615385,0.24572649572649574,13,0.08333333333333333,1.625
509,2015-05-13,0.0,0.07905982905982906,10,-0.23076923076923078,1.098901098901099
510,2015-05-14,0.1,0.0846153846153846,10,0.0,1.0101010101010102
511,2015-05-15,0.34375,0.14791666666666667,32,2.2,3.3684210526315788
512,2015-05-16,0.2,0.21458333333333332,10,-0.6875,0.8620689655172414
513,2015-05-17,0.0,0.18125,11,0.1,0.9166666666666666
514,2015-05-18,0.3333333333333333,0.17777777777777778,12,0.09090909090909091,1.0084033613445378
515,2015-05-19,0.14285714285714285,0.15873015873015872,7,-0.4166666666666667,0.6140350877192983
516,2015-05-20,0.0,0.15873015873015872,6,-0.14285714285714285,0.5042016806722689
517,2015-05-21,0.05263157894736842,0.06516290726817042,19,2.1666666666666665,1.5447154471544715
518,2015-05-22,0.23076923076923078,0.09446693657219973,13,-0.3157894736842105,1.0
519,2015-05-23,0.0,0.09446693657219973,4,-0.6923076923076923,0.3076923076923077
520,2015-05-24,0.25,0.16025641025641027,4,0.0,0.3225806451612903
521,2015-05-25,0.0,0.08333333333333333,1,-0.75,0.0847457627118644
522,2015-05-26,0.0,0.08333333333333333,2,1.0,0.2298850574712644
523,2015-05-27,0.07407407407407407,0.024691358024691357,27,12.5,3.4177215189873418
524,2015-05-28,0.14285714285714285,0.07231040564373897,21,-0.2222222222222222,2.210526315789474
525,2015-05-29,0.16666666666666666,0.12786596119929453,12,-0.42857142857142855,1.1538461538461537
526,2015-05-30,0.0,0.10317460317460318,1,-0.9166666666666666,0.09174311926605504
527,2015-05-31,0.0,0.05555555555555555,3,2.0,0.28846153846153844
528,2015-06-01,0.2222222222222222,0.07407407407407407,9,2.0,1.0227272727272727
529,2015-06-02,0.0,0.07407407407407407,14,0.5555555555555556,1.6666666666666665
530,2015-06-03,0.0,0.07407407407407407,8,-0.42857142857142855,0.851063829787234
531,2015-06-04,0.3,0.09999999999999999,10,0.25,1.0204081632653061
532,2015-06-05,0.0,0.09999999999999999,11,0.1,1.0280373831775702
533,2015-06-06,0.3333333333333333,0.2111111111111111,3,-0.7272727272727273,0.25862068965517243
534,2015-06-07,0.0,0.1111111111111111,2,-0.3333333333333333,0.2173913043478261
535,2015-06-08,0.2857142857142857,0.20634920634920637,7,2.5,0.9589041095890412
536,2015-06-09,0.1111111111111111,0.13227513227513227,9,0.2857142857142857,1.3235294117647058
537,2015-06-10,0.058823529411764705,0.15188297541238718,17,0.8888888888888888,2.236842105263158
538,2015-06-11,0.09302325581395349,0.08765263211227643,43,1.5294117647058822,4.777777777777778
539,2015-06-12,0.07142857142857142,0.0744251188847632,14,-0.6744186046511628,1.129032258064516
540,2015-06-13,0.0,0.054817275747508304,3,-0.7857142857142857,0.24193548387096772
541,2015-06-14,0.25,0.10714285714285714,4,0.3333333333333333,0.3361344537815126
542,2015-06-15,0.3333333333333333,0.19444444444444442,6,0.5,0.5309734513274336
543,2015-06-16,0.09090909090909091,0.22474747474747472,11,0.8333333333333334,1.0185185185185184
544,2015-06-17,0.0,0.1414141414141414,20,0.8181818181818182,1.7241379310344829
545,2015-06-18,0.35294117647058826,0.14795008912655971,34,0.7,2.5373134328358207
546,2015-06-19,0.2857142857142857,0.21288515406162464,21,-0.38235294117647056,1.3043478260869563
547,2015-06-20,0.4166666666666667,0.35177404295051357,12,-0.42857142857142855,0.6936416184971098
548,2015-06-21,0.0,0.2341269841269841,7,-0.4166666666666667,0.41666666666666663
549,2015-06-22,0.07142857142857142,0.1626984126984127,28,3.0,2.121212121212121
550,2015-06-23,0.15384615384615385,0.07509157509157509,26,-0.07142857142857142,1.7808219178082192
551,2015-06-24,0.17391304347826086,0.1330625895843287,23,-0.11538461538461539,1.3609467455621302
552,2015-06-25,0.2476489028213166,0.1918027000485771,319,12.869565217391305,16.96808510638298
553,2015-06-26,0.10743801652892562,0.17633332094283438,242,-0.2413793103448276,4.830339321357285
554,2015-06-27,0.0,0.11836230645008074,14,-0.9421487603305785,0.1912568306010929
555,2015-06-28,0.1111111111111111,0.07284970921334558,18,0.2857142857142857,0.24793388429752067
556,2015-06-29,-0.10344827586206896,0.0025542784163473803,29,0.6111111111111112,0.4084507042253521
557,2015-06-30,0.0,0.0025542784163473803,24,-0.1724137931034483,0.3342618384401114
558,2015-07-01,0.037037037037037035,-0.022137079608343976,27,0.125,0.3698630136986301
559,2015-07-02,0.4,0.145679012345679,5,-0.8148148148148148,0.06666666666666667
560,2015-07-03,0.2857142857142857,0.24091710758377424,7,0.4,0.09628610729023383
561,2015-07-04,0.25,0.3119047619047619,4,-0.42857142857142855,0.05649717514124294
562,2015-07-05,0.0,0.17857142857142858,3,-0.25,0.04354136429608128
563,2015-07-06,0.16666666666666666,0.13888888888888887,12,3.0,0.32171581769437
564,2015-07-07,0.2608695652173913,0.14251207729468598,23,0.9166666666666666,1.6083916083916083
565,2015-07-08,0.25,0.22584541062801933,8,-0.6521739130434783,0.5263157894736842
566,2015-07-09,0.23076923076923078,0.2472129319955407,13,0.625,0.9154929577464789
567,2015-07-10,0.4166666666666667,0.29914529914529914,12,-0.07692307692307693,0.9523809523809524
568,2015-07-11,0.6666666666666666,0.43803418803418803,3,-0.75,0.2631578947368421
569,2015-07-12,0.75,0.611111111111111,4,0.3333333333333333,0.4444444444444444
570,2015-07-13,0.19230769230769232,0.5363247863247863,26,5.5,2.9213483146067416
571,2015-07-14,0.2857142857142857,0.4093406593406594,14,-0.46153846153846156,1.2962962962962963
572,2015-07-15,0.0,0.15934065934065933,4,-0.7142857142857143,0.3389830508474576
573,2015-07-16,0.8,0.36190476190476195,5,0.25,0.42016806722689076
574,2015-07-17,0.3076923076923077,0.36923076923076925,13,1.6,1.1607142857142858
575,2015-07-18,0.2222222222222222,0.4433048433048434,9,-0.3076923076923077,0.8823529411764707
576,2015-07-19,0.0,0.17663817663817663,2,-0.7777777777777778,0.1941747572815534
577,2015-07-20,0.16666666666666666,0.12962962962962962,6,2.0,0.6521739130434783
578,2015-07-21,0.5,0.2222222222222222,10,0.6666666666666666,1.1627906976744187
579,2015-07-22,0.25806451612903225,0.3082437275985663,31,2.1,3.333333333333333
580,2015-07-23,0.21428571428571427,0.3241167434715822,14,-0.5483870967741935,1.1666666666666667
581,2015-07-24,0.5,0.3241167434715822,6,-0.5714285714285714,0.5555555555555555
582,2015-07-25,0.3333333333333333,0.34920634920634913,3,-0.5,0.3
583,2015-07-26,0.0,0.27777777777777773,1,-0.6666666666666666,0.10101010101010101
584,2015-07-27,0.2727272727272727,0.202020202020202,11,10.0,1.1578947368421053
585,2015-07-28,0.17391304347826086,0.14888010540184451,23,1.0909090909090908,2.4731182795698925
586,2015-07-29,0.44,0.2955467720685112,25,0.08695652173913043,2.336448598130841
587,2015-07-30,0.29411764705882354,0.3026768968456948,17,-0.32,1.3076923076923077
588,2015-07-31,0.2857142857142857,0.3399439775910364,14,-0.17647058823529413,0.9929078014184397
589,2015-08-01,0.0,0.19327731092436973,5,-0.6428571428571429,0.3448275862068966
590,2015-08-02,0.3333333333333333,0.20634920634920637,6,0.2,0.5042016806722689
591,2015-08-03,0.23529411764705882,0.1895424836601307,17,1.8333333333333333,1.5315315315315317
592,2015-08-04,0.2857142857142857,0.2847805788982259,14,-0.17647058823529413,1.1475409836065575
593,2015-08-05,0.20833333333333334,0.24311391223155931,24,0.7142857142857143,1.8045112781954886
594,2015-08-06,0.5,0.33134920634920634,6,-0.75,0.38461538461538464
595,2015-08-07,0.0,0.23611111111111113,8,0.3333333333333333,0.5298013245033113
596,2015-08-08,0.4,0.3,5,-0.375,0.36764705882352944
597,2015-08-09,0.3333333333333333,0.24444444444444446,3,-0.4,0.25862068965517243
598,2015-08-10,0.0,0.24444444444444446,5,0.6666666666666666,0.4901960784313726
599,2015-08-11,0.25,0.19444444444444442,8,0.6,0.8602150537634408
600,2015-08-12,0.05,0.09999999999999999,20,1.5,2.0833333333333335
601,2015-08-13,0.25,0.18333333333333335,12,-0.4,1.0909090909090908
602,2015-08-14,0.4444444444444444,0.24814814814814815,9,-0.25,0.8571428571428571
603,2015-08-15,0.0,0.23148148148148148,2,-0.7777777777777778,0.2
604,2015-08-16,0.5,0.3148148148148148,2,0.0,0.25641025641025644
605,2015-08-17,0.8571428571428571,0.4523809523809524,7,2.5,0.9459459459459459
606,2015-08-18,0.14285714285714285,0.5,7,0.0,0.9589041095890412
607,2015-08-19,0.09090909090909091,0.3636363636363636,11,0.5714285714285714,1.4666666666666666
608,2015-08-20,0.09523809523809523,0.10966810966810965,21,0.9090909090909091,2.5301204819277108
609,2015-08-21,0.07692307692307693,0.08769008769008768,26,0.23809523809523808,2.6262626262626263
610,2015-08-22,0.25,0.14072039072039072,4,-0.8461538461538461,0.3418803418803419
611,2015-08-23,0.0,0.10897435897435898,5,0.25,0.49504950495049505
612,2015-08-24,0.03225806451612903,0.09408602150537633,31,5.2,3.2978723404255317
613,2015-08-25,0.17647058823529413,0.06957621758380772,17,-0.45161290322580644,1.4655172413793105
614,2015-08-26,0.043478260869565216,0.08406897120699612,23,0.35294117647058826,1.7557251908396947
615,2015-08-27,0.0,0.07331628303495312,13,-0.43478260869565216,0.8552631578947368
616,2015-08-28,0.4,0.14782608695652175,5,-0.6153846153846154,0.3164556962025316
617,2015-08-29,-0.125,0.09166666666666667,8,0.6,0.5128205128205129
618,2015-08-30,0.0,0.09166666666666667,3,-0.625,0.19607843137254902
619,2015-08-31,0.0,-0.041666666666666664,6,1.0,0.4444444444444444
620,2015-09-01,-0.08333333333333333,-0.027777777777777776,12,1.0,1.0434782608695652
621,2015-09-02,-0.14285714285714285,-0.07539682539682539,7,-0.4166666666666667,0.5691056910569106
622,2015-09-03,-0.2222222222222222,-0.14947089947089945,9,0.2857142857142857,0.72
623,2015-09-04,-0.07692307692307693,-0.14733414733414732,13,0.4444444444444444,1.262135922330097
624,2015-09-05,0.2,-0.033048433048433044,10,-0.23076923076923078,1.0101010101010102
625,2015-09-06,0.6666666666666666,0.26324786324786326,3,-0.7,0.3488372093023256
626,2015-09-07,0.0,0.2888888888888889,3,0.0,0.39473684210526316
627,2015-09-08,0.0,0.2222222222222222,4,0.3333333333333333,0.5405405405405405
628,2015-09-09,0.5,0.16666666666666666,6,0.5,0.8571428571428571
629,2015-09-10,0.125,0.20833333333333334,8,0.3333333333333333,1.095890410958904
630,2015-09-11,0.2,0.27499999999999997,5,-0.375,0.6666666666666666
631,2015-09-12,1.0,0.44166666666666665,1,-0.8,0.14705882352941177
632,2015-09-13,0.0,0.39999999999999997,2,1.0,0.3225806451612903
633,2015-09-14,0.1111111111111111,0.3703703703703704,9,3.5,1.6363636363636365
634,2015-09-15,0.2692307692307692,0.12678062678062677,26,1.8888888888888888,5.098039215686275
635,2015-09-16,0.21621621621621623,0.19885269885269885,37,0.4230769230769231,5.522388059701492
636,2015-09-17,0.2222222222222222,0.2358897358897359,18,-0.5135135135135135,1.7821782178217822
637,2015-09-18,0.041666666666666664,0.16003503503503505,24,0.3333333333333333,2.0689655172413794
638,2015-09-19,0.125,0.12962962962962962,8,-0.6666666666666666,0.5882352941176471
639,2015-09-20,0.07142857142857142,0.07936507936507936,14,0.75,1.0144927536231882
640,2015-09-21,0.1794871794871795,0.1253052503052503,39,1.7857142857142858,2.7083333333333335
641,2015-09-22,0.13333333333333333,0.12808302808302807,30,-0.23076923076923078,1.6853932584269662
642,2015-09-23,0.14035087719298245,0.1510571300044984,57,0.9,2.7536231884057973
643,2015-09-24,0.1276595744680851,0.13378126166480028,376,5.5964912280701755,14.351145038167939
644,2015-09-25,0.07954545454545454,0.11585196873550736,440,0.1702127659574468,6.99523052464229
645,2015-09-26,0.05263157894736842,0.086612202653636,38,-0.9136363636363637,0.36433365292425696
646,2015-09-27,0.045454545454545456,0.05921052631578947,22,-0.42105263157894735,0.210727969348659
647,2015-09-28,-0.047058823529411764,0.017009100290834037,85,2.8636363636363638,0.8110687022900763
648,2015-09-29,-0.014925373134328358,-0.005509883736398223,67,-0.21176470588235294,0.6041478809738503
649,2015-09-30,0.20689655172413793,0.04830411835346594,29,-0.5671641791044776,0.2482876712328767
650,2015-10-01,0.19230769230769232,0.12809295696583398,26,-0.10344827586206896,0.21978021978021978
651,2015-10-02,0.07692307692307693,0.15870910698496907,13,-0.5,0.1111111111111111
652,2015-10-03,-0.1,0.05641025641025641,10,-0.23076923076923078,0.08673026886383348
653,2015-10-04,-0.125,-0.04935897435897436,8,-0.2,0.07233273056057866
654,2015-10-05,-0.04,-0.08833333333333333,25,2.125,0.33875338753387535
655,2015-10-06,0.0,-0.055,23,-0.08,0.7120743034055729
656,2015-10-07,0.18518518518518517,0.048395061728395056,27,0.17391304347826086,0.8766233766233766
657,2015-10-08,0.1111111111111111,0.09876543209876543,27,0.0,0.8626198083067093
658,2015-10-09,0.05263157894736842,0.11630929174788823,19,-0.2962962962962963,0.7450980392156863
659,2015-10-10,-0.2222222222222222,-0.01949317738791423,9,-0.5263157894736842,0.43478260869565216
660,2015-10-11,0.0,-0.056530214424951264,6,-0.3333333333333333,0.32085561497326204
661,2015-10-12,0.09375,-0.04282407407407407,32,4.333333333333333,1.9161676646706587
662,2015-10-13,0.14285714285714285,0.07886904761904762,21,-0.34375,1.129032258064516
663,2015-10-14,0.047619047619047616,0.09474206349206349,21,0.0,1.0659898477157361
664,2015-10-15,0.125,0.10515873015873016,56,1.6666666666666667,2.6666666666666665
665,2015-10-16,0.2765957446808511,0.14973826409996624,47,-0.16071428571428573,1.950207468879668
666,2015-10-17,0.07692307692307693,0.159506273867976,13,-0.723404255319149,0.49056603773584906
667,2015-10-18,-0.09090909090909091,0.08753657689827903,11,-0.15384615384615385,0.43824701195219123
668,2015-10-19,0.15306122448979592,0.046358403501260644,98,7.909090909090909,4.170212765957447
669,2015-10-20,0.0425531914893617,0.03490177502335557,47,-0.5204081632653061,1.496815286624204
670,2015-10-21,0.03333333333333333,0.07631591643749698,30,-0.3617021276595745,0.8522727272727272
671,2015-10-22,0.0,0.025295508274231677,50,0.6666666666666666,1.3297872340425532
672,2015-10-23,-0.07142857142857142,-0.012698412698412697,42,-0.16,1.0659898477157361
673,2015-10-24,-0.125,-0.06547619047619048,8,-0.8095238095238095,0.1927710843373494
674,2015-10-25,0.16666666666666666,-0.009920634920634922,6,-0.25,0.14925373134328357
675,2015-10-26,0.0,0.013888888888888886,21,2.5,0.5965909090909091
676,2015-10-27,0.2631578947368421,0.14327485380116958,19,-0.09523809523809523,0.5828220858895705
677,2015-10-28,-0.08695652173913043,0.05873379099923722,23,0.21052631578947367,0.6927710843373494
678,2015-10-29,0.19047619047619047,0.1222258544913007,21,-0.08695652173913043,0.6104651162790697
679,2015-10-30,0.05263157894736842,0.052050415894809486,19,-0.09523809523809523,0.7116104868913858
680,2015-10-31,-0.75,-0.16896407685881373,4,-0.7894736842105263,0.1673640167364017
681,2015-11-01,0.0,-0.23245614035087722,3,-0.25,0.14084507042253522
682,2015-11-02,-0.1111111111111111,-0.28703703703703703,9,2.0,0.5421686746987951
683,2015-11-03,0.09090909090909091,-0.006734006734006731,11,0.2222222222222222,0.8270676691729323
684,2015-11-04,0.17647058823529413,0.05208952267775798,17,0.5454545454545454,1.25
685,2015-11-05,0.18181818181818182,0.14973262032085563,22,0.29411764705882354,1.4965986394557824
686,2015-11-06,0.15,0.16942959001782532,20,-0.09090909090909091,1.3513513513513513
687,2015-11-07,0.25,0.19393939393939394,8,-0.6,0.5369127516778524
688,2015-11-08,0.16666666666666666,0.18888888888888888,6,-0.25,0.44776119402985076
689,2015-11-09,0.07142857142857142,0.1626984126984127,14,1.3333333333333333,1.1764705882352942
690,2015-11-10,0.2,0.14603174603174604,15,0.07142857142857142,1.3157894736842104
691,2015-11-11,-0.16216216216216217,0.036422136422136424,37,1.4666666666666666,2.96
692,2015-11-12,-0.2413793103448276,-0.06784715750232993,29,-0.21621621621621623,1.8238993710691824
693,2015-11-13,-0.02564102564102564,-0.14306083271600514,39,0.3448275862068966,2.1787709497206706
694,2015-11-14,0.09090909090909091,-0.058703748358920775,11,-0.717948717948718,0.5314009661835749
695,2015-11-15,0.0,0.02175602175602176,4,-0.6363636363636364,0.1990049751243781
696,2015-11-16,0.09090909090909091,0.06060606060606061,22,4.5,1.2021857923497268
697,2015-11-17,0.08108108108108109,0.05733005733005733,37,0.6818181818181818,2.0
698,2015-11-18,0.14285714285714285,0.10494910494910496,21,-0.43243243243243246,0.9813084112149534
699,2015-11-19,0.23529411764705882,0.15307744719509425,136,5.476190476190476,5.938864628820961
700,2015-11-20,0.12953367875647667,0.1692283130868928,193,0.41911764705882354,5.498575498575498
701,2015-11-21,0.07692307692307693,0.1472502911088708,13,-0.9326424870466321,0.2457466918714556
702,2015-11-22,0.25,0.15215225189318451,8,-0.38461538461538464,0.15841584158415842
703,2015-11-23,0.2631578947368421,0.19669365721997298,38,3.75,0.7851239669421488
704,2015-11-24,0.28,0.26438596491228067,25,-0.34210526315789475,0.5175983436853002
705,2015-11-25,0.30303030303030304,0.28206273258904835,33,0.32,0.663983903420523
706,2015-11-26,0.2857142857142857,0.2895815295815296,14,-0.5757575757575758,0.2661596958174905
707,2015-11-27,0.13333333333333333,0.2406926406926407,15,0.07142857142857142,0.2895752895752896
708,2015-11-28,0.5,0.3063492063492063,6,-0.6,0.12096774193548386
709,2015-11-29,0.0,0.2111111111111111,7,0.16666666666666666,0.14553014553014554
710,2015-11-30,0.15384615384615385,0.21794871794871795,26,2.7142857142857144,0.7386363636363635
711,2015-12-01,0.38095238095238093,0.17826617826617827,21,-0.19230769230769232,1.135135135135135
712,2015-12-02,0.18518518518518517,0.23999457332790664,27,0.2857142857142857,1.398963730569948
713,2015-12-03,0.041666666666666664,0.20260141093474426,24,-0.1111111111111111,1.1320754716981132
714,2015-12-04,0.1,0.10895061728395061,10,-0.5833333333333334,0.5050505050505051
715,2015-12-05,0.0,0.04722222222222222,10,0.0,0.5464480874316939
716,2015-12-06,0.2,0.10000000000000002,5,-0.5,0.3125
717,2015-12-07,0.0975609756097561,0.09918699186991871,41,7.2,2.7152317880794703
718,2015-12-08,0.08,0.12585365853658537,25,-0.3902439024390244,1.4124293785310735
719,2015-12-09,0.21428571428571427,0.1306155632984901,28,0.12,1.4285714285714284
720,2015-12-10,0.0,0.09809523809523808,22,-0.21428571428571427,1.0138248847926268
721,2015-12-11,0.0,0.07142857142857142,24,0.09090909090909091,1.1267605633802817
722,2015-12-12,0.0,0.0,3,-0.875,0.13888888888888887
723,2015-12-13,0.0,0.0,5,0.6666666666666666,0.2604166666666667
724,2015-12-14,0.20833333333333334,0.06944444444444445,24,3.8,1.3872832369942196
725,2015-12-15,0.17857142857142858,0.12896825396825398,28,0.16666666666666666,1.4973262032085561
726,2015-12-16,0.2608695652173913,0.21592477570738441,23,-0.17857142857142858,1.1219512195121952
727,2015-12-17,0.3333333333333333,0.25759144237405107,21,-0.08695652173913043,0.9417040358744394
728,2015-12-18,0.39285714285714285,0.32902001380262247,56,1.6666666666666667,2.758620689655172
729,2015-12-19,0.4166666666666667,0.38095238095238093,12,-0.7857142857142857,0.5128205128205129
730,2015-12-20,0.46153846153846156,0.4236874236874237,26,1.1666666666666667,1.1926605504587156
731,2015-12-21,0.20270270270270271,0.36030261030261035,74,1.8461538461538463,3.3333333333333335
732,2015-12-22,0.23492723492723494,0.29972279972279975,481,5.5,17.683823529411764
733,2015-12-23,0.12025316455696203,0.1859610340622999,632,0.31392931392931395,8.426666666666666
734,2015-12-24,0.12403100775193798,0.15973713574537832,258,-0.5917721518987342,1.8736383442265796
735,2015-12-25,0.17647058823529413,0.1402515868480647,34,-0.8682170542635659,0.21104903786468032
736,2015-12-26,0.4444444444444444,0.24831534681055886,9,-0.7352941176470589,0.05565862708719852
737,2015-12-27,0.09523809523809523,0.2387177093059446,21,1.3333333333333333,0.13100436681222707
738,2015-12-28,0.11224489795918367,0.21730914588057446,98,3.6666666666666665,0.611353711790393
739,2015-12-29,0.24528301886792453,0.15092200402173447,53,-0.45918367346938777,0.3221884498480243
740,2015-12-30,0.22727272727272727,0.19493354803327848,88,0.660377358490566,0.5219454329774614
741,2015-12-31,0.1111111111111111,0.19455561908392097,45,-0.48863636363636365,0.2574370709382151
742,2016-01-01,0.0,0.11279461279461278,8,-0.8222222222222222,0.04653868528214078
743,2016-01-02,0.1111111111111111,0.07407407407407407,9,0.125,0.07223113964686999
744,2016-01-03,0.3333333333333333,0.14814814814814814,6,-0.3333333333333333,0.09630818619582665
745,2016-01-04,0.20833333333333334,0.21759259259259256,48,7.0,1.2938005390835579
746,2016-01-05,0.35555555555555557,0.29907407407407405,45,-0.0625,1.1688311688311688
747,2016-01-06,-0.23809523809523808,0.10859788359788362,63,0.4,1.4964370546318289
748,2016-01-07,0.30434782608695654,0.140602714515758,46,-0.2698412698412698,0.9935205183585314
749,2016-01-08,0.18181818181818182,0.0826902566033001,66,0.43478260869565216,1.6058394160583942
750,2016-01-09,0.08333333333333333,0.18983311374615722,12,-0.8181818181818182,0.2830188679245283
751,2016-01-10,0.7142857142857143,0.32647907647907654,7,-0.4166666666666667,0.20114942528735633
752,2016-01-11,0.13043478260869565,0.3093512767425811,46,5.571428571428571,1.4838709677419355
753,2016-01-12,0.13513513513513514,0.32661854400984836,37,-0.1956521739130435,1.0632183908045978
754,2016-01-13,0.16,0.1418566392479436,50,0.35135135135135137,1.3297872340425532
755,2016-01-14,0.02127659574468085,0.10547057695993867,47,-0.06,1.119047619047619
756,2016-01-15,0.1,0.09375886524822696,30,-0.3617021276595745,0.7159904534606205
757,2016-01-16,-0.2222222222222222,-0.03364854215918045,9,-0.7,0.22277227722772278
758,2016-01-17,0.1111111111111111,-0.0037037037037037,9,0.0,0.2571428571428571
759,2016-01-18,0.125,0.004629629629629632,8,-0.1111111111111111,0.25559105431309903
760,2016-01-19,0.13333333333333333,0.12314814814814813,15,0.875,0.5882352941176471
761,2016-01-20,0.03278688524590164,0.09704007285974499,61,3.066666666666667,2.3643410852713176
762,2016-01-21,0.14285714285714285,0.10299245381212595,35,-0.4262295081967213,1.1217948717948718
763,2016-01-22,0.2564102564102564,0.14401809483776695,39,0.11428571428571428,1.2956810631229236
764,2016-01-23,-0.3333333333333333,0.021978021978021973,3,-0.9230769230769231,0.099009900990099
765,2016-01-24,0.4,0.1076923076923077,5,0.6666666666666666,0.1953125
766,2016-01-25,0.06666666666666667,0.04444444444444445,15,2.0,0.7009345794392524
767,2016-01-26,0.15789473684210525,0.20818713450292395,19,0.26666666666666666,0.9547738693467337
768,2016-01-27,0.08695652173913043,0.10383930841596745,23,0.21052631578947367,1.1004784688995215
769,2016-01-28,0.18,0.14161708619374522,50,1.173913043478261,2.242152466367713
770,2016-01-29,0.2608695652173913,0.17594202898550723,23,-0.54,0.8679245283018868
771,2016-01-30,0.0,0.14695652173913043,6,-0.7391304347826086,0.21978021978021978
772,2016-01-31,-0.3333333333333333,-0.024154589371980673,3,-0.5,0.13761467889908258
773,2016-02-01,0.3,-0.011111111111111108,20,5.666666666666667,1.075268817204301
774,2016-02-02,0.25806451612903225,0.074910394265233,31,0.55,1.8562874251497006
775,2016-02-03,0.0,0.1860215053763441,21,-0.3225806451612903,1.0769230769230769
776,2016-02-04,-0.05263157894736842,0.06847764572722127,19,-0.09523809523809523,0.9004739336492891
777,2016-02-05,0.017543859649122806,-0.011695906432748537,57,2.0,2.6511627906976742
778,2016-02-06,0.16666666666666666,0.043859649122807015,12,-0.7894736842105263,0.4743083003952569
779,2016-02-07,-0.3333333333333333,-0.049707602339181284,3,-0.75,0.12396694214876033
780,2016-02-08,0.2,0.011111111111111118,65,20.666666666666668,3.3333333333333335
781,2016-02-09,0.03571428571428571,-0.032539682539682535,28,-0.5692307692307692,1.1814345991561181
782,2016-02-10,0.3448275862068966,0.19351395730706078,29,0.03571428571428571,1.1196911196911197
783,2016-02-11,0.15789473684210525,0.17947886958776252,19,-0.3448275862068966,0.6666666666666666
784,2016-02-12,0.0,0.16757410768300063,26,0.3684210526315789,0.9154929577464789
785,2016-02-13,0.0,0.05263157894736842,3,-0.8846153846153846,0.10752688172043011
786,2016-02-14,0.0,0.0,3,0.0,0.11494252873563218
787,2016-02-15,0.2,0.06666666666666667,5,0.6666666666666666,0.20408163265306123
788,2016-02-16,0.1111111111111111,0.1037037037037037,27,4.4,1.398963730569948
789,2016-02-17,0.03571428571428571,0.1156084656084656,28,0.037037037037037035,1.346153846153846
790,2016-02-18,0.09090909090909091,0.07924482924482924,22,-0.21428571428571427,0.944206008583691
791,2016-02-19,0.10526315789473684,0.07729551150603782,19,-0.13636363636363635,1.0
792,2016-02-20,0.0,0.06539074960127592,3,-0.8421052631578947,0.16574585635359115
793,2016-02-21,0.0,0.03508771929824561,3,0.0,0.1935483870967742
794,2016-02-22,0.22727272727272727,0.07575757575757576,22,6.333333333333333,1.5827338129496402
795,2016-02-23,0.23076923076923078,0.15268065268065267,26,0.18181818181818182,1.9259259259259258
796,2016-02-24,0.2631578947368421,0.24039995092626673,19,-0.2692307692307692,1.2025316455696202
797,2016-02-25,0.45614035087719296,0.316689158794422,57,2.0,3.2758620689655173
798,2016-02-26,0.32608695652173914,0.34846173404525804,46,-0.19298245614035087,2.0353982300884956
799,2016-02-27,0.0,0.260742435799644,2,-0.9565217391304348,0.08163265306122448
800,2016-02-28,-0.25,0.025362318840579712,4,1.0,0.18264840182648404
801,2016-02-29,0.038461538461538464,-0.07051282051282051,26,5.5,1.2935323383084576
802,2016-03-01,0.4,0.06282051282051282,35,0.34615384615384615,1.6826923076923077
803,2016-03-02,0.17777777777777778,0.20541310541310542,45,0.2857142857142857,1.875
804,2016-03-03,0.2608695652173913,0.279549114331723,23,-0.4888888888888889,0.8156028368794327
805,2016-03-04,0.0,0.1462157809983897,25,0.08695652173913043,0.8833922261484098
806,2016-03-05,0.25,0.17028985507246377,4,-0.84,0.14184397163120568
807,2016-03-06,0.5,0.25,12,2.0,0.449438202247191
808,2016-03-07,0.08602150537634409,0.278673835125448,93,6.75,4.1891891891891895
809,2016-03-08,0.2,0.26200716845878136,95,0.021505376344086023,3.5315985130111525
810,2016-03-09,0.0975609756097561,0.12786082699536674,82,-0.1368421052631579,2.2651933701657456
811,2016-03-10,0.2727272727272727,0.1900960827790096,33,-0.5975609756097561,0.75
812,2016-03-11,0.25,0.20676274944567627,28,-0.15151515151515152,0.6263982102908277
813,2016-03-12,0.0,0.17424242424242423,2,-0.9285714285714286,0.045454545454545456
814,2016-03-13,0.1111111111111111,0.12037037037037036,9,3.5,0.22670025188916876
815,2016-03-14,0.3333333333333333,0.14814814814814814,42,3.6666666666666665,1.0966057441253265
816,2016-03-15,0.5416666666666666,0.3287037037037037,72,0.7142857142857143,1.8
817,2016-03-16,0.36666666666666664,0.4138888888888888,60,-0.16666666666666666,1.2820512820512822
818,2016-03-17,0.43558282208588955,0.44797205180640765,163,1.7166666666666666,3.1589147286821704
819,2016-03-18,0.4827586206896552,0.42833603648073715,145,-0.11042944785276074,2.4744027303754264
820,2016-03-19,0.32,0.4127804809251816,25,-0.8275862068965517,0.3930817610062893
821,2016-03-20,0.2727272727272727,0.35849529780564265,33,0.32,0.5699481865284974
822,2016-03-21,0.39617486338797814,0.3296340453717503,366,10.090909090909092,6.321243523316062
823,2016-03-22,0.2089783281733746,0.29262682142954183,1292,2.530054644808743,14.089422028353326
824,2016-03-23,0.19617224880382775,0.26710848012172683,627,-0.5147058823529411,2.8409605799728137
825,2016-03-24,0.13157894736842105,0.17890984144854113,114,-0.8181818181818182,0.40353982300884955
826,2016-03-25,0.0,0.10925039872408293,17,-0.8508771929824561,0.058681394546082156
827,2016-03-26,0.25,0.12719298245614033,8,-0.5294117647058824,0.028149190710767068
828,2016-03-27,0.5,0.25,10,0.25,0.035842293906810034
829,2016-03-28,0.13846153846153847,0.29615384615384616,65,5.5,0.24649222601441031
830,2016-03-29,0.17567567567567569,0.2713790713790714,74,0.13846153846153847,0.2894016425498631
831,2016-03-30,0.3181818181818182,0.2107730107730108,66,-0.10810810810810811,0.25326170376055257
832,2016-03-31,0.12048192771084337,0.20477980718944575,83,0.25757575757575757,0.3145130731337628
833,2016-04-01,0.3114754098360656,0.25004638524290906,61,-0.26506024096385544,0.25891341256366723
834,2016-04-02,0.2,0.21065244584896967,5,-0.9180327868852459,0.044444444444444446
835,2016-04-03,0.0,0.17049180327868854,1,-0.8,0.019880715705765408
836,2016-04-04,0.12244897959183673,0.1074829931972789,147,146.0,3.769230769230769
837,2016-04-05,0.19444444444444445,0.10563114134542706,72,-0.5102040816326531,1.3846153846153846
838,2016-04-06,0.25,0.1889644746787604,60,-0.16666666666666666,1.0273972602739727
839,2016-04-07,0.2222222222222222,0.2222222222222222,27,-0.55,0.42586750788643535
840,2016-04-08,0.16071428571428573,0.21097883597883596,56,1.0740740740740742,0.9395973154362416
841,2016-04-09,0.38461538461538464,0.25585063085063087,13,-0.7678571428571429,0.22491349480968859
842,2016-04-10,0.09090909090909091,0.21207958707958707,11,-0.15384615384615385,0.20952380952380953
843,2016-04-11,0.17557251908396945,0.21703233153614834,131,10.909090909090908,2.891832229580574
844,2016-04-12,0.2116788321167883,0.15938681403661623,137,0.04580152671755725,2.619502868068834
845,2016-04-13,0.23958333333333334,0.20894489484469703,96,-0.29927007299270075,1.465648854961832
846,2016-04-14,0.2857142857142857,0.24565881705480244,49,-0.4895833333333333,0.6533333333333333
847,2016-04-15,0.19607843137254902,0.24045868347338936,51,0.04081632653061224,0.7822085889570551
848,2016-04-16,0.3333333333333333,0.27170868347338933,3,-0.9411764705882353,0.04754358161648178
849,2016-04-17,0.2222222222222222,0.25054466230936817,9,2.0,0.15679442508710803
850,2016-04-18,0.18181818181818182,0.24579124579124578,33,2.6666666666666665,0.5935251798561151
851,2016-04-19,0.16666666666666666,0.19023569023569023,42,0.2727272727272727,0.7879924953095685
852,2016-04-20,0.24193548387096775,0.19680677745193872,62,0.47619047619047616,1.103202846975089
853,2016-04-21,0.3188405797101449,0.2424809100825931,69,0.11290322580645161,1.1256117455138663
854,2016-04-22,0.09433962264150944,0.21837189540754068,53,-0.2318840579710145,0.9618874773139746
855,2016-04-23,0.0,0.1377267341172181,4,-0.9245283018867925,0.08565310492505353
856,2016-04-24,0.0,0.031446540880503145,3,-0.25,0.08
857,2016-04-25,0.047619047619047616,0.015873015873015872,21,6.0,0.6382978723404256
858,2016-04-26,0.21428571428571427,0.08730158730158728,28,0.3333333333333333,0.9364548494983278
859,2016-04-27,0.20588235294117646,0.15592903828197943,34,0.21428571428571427,1.0493827160493827
860,2016-04-28,0.09523809523809523,0.1718020541549953,21,-0.38235294117647056,0.6017191977077364
861,2016-04-29,0.15789473684210525,0.15300506167379233,19,-0.09523809523809523,0.5637982195845697
862,2016-04-30,0.0,0.08437761069340016,3,-0.8421052631578947,0.09554140127388536
863,2016-05-01,0.5,0.2192982456140351,2,-0.3333333333333333,0.0784313725490196
864,2016-05-02,0.22727272727272727,0.24242424242424243,22,10.0,1.1702127659574468
865,2016-05-03,0.2777777777777778,0.33501683501683505,18,-0.18181818181818182,1.1464968152866242
866,2016-05-04,0.05714285714285714,0.18739778739778742,35,0.9444444444444444,2.046783625730994
867,2016-05-05,-0.041666666666666664,0.09775132275132276,24,-0.3142857142857143,1.1822660098522166
868,2016-05-06,-0.041666666666666664,-0.008730158730158729,48,1.0,2.3300970873786406
869,2016-05-07,0.2,0.038888888888888896,5,-0.8958333333333334,0.22123893805309733
870,2016-05-08,0.0,0.052777777777777785,4,-0.2,0.20304568527918782
871,2016-05-09,0.25,0.15,20,4.0,1.1111111111111112
872,2016-05-10,0.1111111111111111,0.12037037037037036,27,0.35,1.4917127071823204
873,2016-05-11,0.09859154929577464,0.15323422013562857,142,4.2592592592592595,6.926829268292683
874,2016-05-12,0.0,0.06990088680229524,51,-0.6408450704225352,1.4782608695652173
875,2016-05-13,-0.17391304347826086,-0.02510716472749541,23,-0.5490196078431373,0.6149732620320856
876,2016-05-14,0.0,-0.057971014492753624,6,-0.7391304347826086,0.158311345646438
877,2016-05-15,-0.07142857142857142,-0.08178053830227743,14,1.3333333333333333,0.4
878,2016-05-16,0.1935483870967742,0.040706605222734255,31,1.2142857142857142,0.9117647058823529
879,2016-05-17,0.07692307692307693,0.0663476308637599,39,0.25806451612903225,1.2074303405572757
880,2016-05-18,0.14814814814814814,0.1395398707226664,54,0.38461538461538464,1.5126050420168067
881,2016-05-19,0.24,0.15502374169040836,50,-0.07407407407407407,1.2285012285012284
882,2016-05-20,0.22388059701492538,0.20400958172102449,67,0.34,1.5331807780320366
883,2016-05-21,1.0,0.4879601990049751,2,-0.9701492537313433,0.04192872117400419
884,2016-05-22,0.16666666666666666,0.4635157545605307,6,2.0,0.17804154302670622
885,2016-05-23,0.21739130434782608,0.4613526570048309,46,6.666666666666667,1.5753424657534247
886,2016-05-24,0.1891891891891892,0.19108238673456066,37,-0.1956521739130435,1.1746031746031746
887,2016-05-25,0.19402985074626866,0.200203448094428,67,0.8108108108108109,1.9364161849710981
888,2016-05-26,0.18604651162790697,0.18975518385445497,43,-0.3582089552238806,1.0776942355889725
889,2016-05-27,0.05263157894736842,0.1442359804405147,19,-0.5581395348837209,0.46228710462287104
890,2016-05-28,0.5,0.24622603019175845,4,-0.7894736842105263,0.10230179028132992
891,2016-05-29,0.3333333333333333,0.29532163742690054,9,1.25,0.26392961876832843
892,2016-05-30,-0.14285714285714285,0.23015873015873015,7,-0.2222222222222222,0.23333333333333334
893,2016-05-31,0.07246376811594203,0.08764665286404416,69,8.857142857142858,2.875
894,2016-06-01,0.13526570048309178,0.021624108580630314,207,2.0,6.742671009771987
895,2016-06-02,0.1111111111111111,0.10628019323671496,63,-0.6956521739130435,1.2401574803149606
896,2016-06-03,0.0,0.08212560386473429,62,-0.015873015873015872,1.180952380952381
897,2016-06-04,0.0,0.037037037037037035,8,-0.8709677419354839,0.14545454545454545
898,2016-06-05,0.0,0.0,8,0.0,0.1629327902240326
899,2016-06-06,0.3333333333333333,0.1111111111111111,54,5.75,1.1842105263157894
900,2016-06-07,0.16981132075471697,0.16771488469601678,53,-0.018518518518518517,1.079429735234216
901,2016-06-08,0.27692307692307694,0.26002257700370907,65,0.22641509433962265,1.2037037037037037
902,2016-06-09,0.25675675675675674,0.23449705147818353,74,0.13846153846153847,1.2416107382550334
903,2016-06-10,0.39285714285714285,0.30884565884565884,56,-0.24324324324324326,0.8446455505279035
904,2016-06-11,0.25,0.29987129987129985,12,-0.7857142857142857,0.18461538461538463
905,2016-06-12,0.375,0.33928571428571425,8,-0.3333333333333333,0.17582417582417584
906,2016-06-13,0.30434782608695654,0.30978260869565216,23,1.875,0.575
907,2016-06-14,0.24324324324324326,0.30753035644339993,37,0.6086956521739131,1.0249307479224377
908,2016-06-15,0.11627906976744186,0.22129004636588054,43,0.16216216216216217,1.1025641025641026
909,2016-06-16,0.07936507936507936,0.14629579745858814,63,0.46511627906976744,1.4823529411764707
910,2016-06-17,0.2777777777777778,0.15780730897009967,36,-0.42857142857142855,0.8294930875576038
911,2016-06-18,0.2222222222222222,0.1931216931216931,9,-0.75,0.2158273381294964
912,2016-06-19,0.16666666666666666,0.2222222222222222,12,0.3333333333333333,0.33240997229916897
913,2016-06-20,0.26126126126126126,0.2167167167167167,111,8.25,3.7123745819397995
914,2016-06-21,0.1956521739130435,0.20786003394699046,46,-0.5855855855855856,1.2994350282485876
915,2016-06-22,0.08955223880597014,0.18215522466009162,67,0.45652173913043476,1.7268041237113403
916,2016-06-23,0.07476635514018691,0.11999025595306685,107,0.5970149253731343,2.3937360178970915
917,2016-06-24,0.125,0.09643953131538568,64,-0.40186915887850466,1.2052730696798493
918,2016-06-25,-0.06060606060606061,0.04638676484470877,33,-0.484375,0.5913978494623656
919,2016-06-26,0.1724137931034483,0.07893591083246256,29,-0.12121212121212122,0.5291970802919709
920,2016-06-27,0.08421052631578947,0.06533941960439238,95,2.2758620689655173,1.8482490272373542
921,2016-06-28,0.09239130434782608,0.11633854125568795,736,6.747368421052632,12.844677137870855
922,2016-06-29,0.16216216216216217,0.1129213309419259,444,-0.3967391304347826,3.4153846153846152
923,2016-06-30,0.014925373134328358,0.08982627988143888,67,-0.8490990990990991,0.3868360277136259
924,2016-07-01,0.16666666666666666,0.11458473398771907,54,-0.19402985074626866,0.31990521327014215
925,2016-07-02,0.1,0.09386401326699834,10,-0.8148148148148148,0.0589622641509434
926,2016-07-03,0.16666666666666666,0.14444444444444446,6,-0.4,0.036607687614399025
927,2016-07-04,0.35,0.20555555555555552,20,2.3333333333333335,0.13003901170351104
928,2016-07-05,0.11904761904761904,0.2119047619047619,42,1.1,0.28112449799196787
929,2016-07-06,0.09375,0.18759920634920635,32,-0.23809523809523808,0.21290751829673984
930,2016-07-07,0.4782608695652174,0.23035282953761216,23,-0.28125,0.15272244355909695
931,2016-07-08,0.35294117647058826,0.3083173486786019,34,0.4782608695652174,0.23709902370990235
932,2016-07-09,0.3333333333333333,0.38817845978971305,3,-0.9117647058823529,0.040983606557377046
933,2016-07-10,0.2,0.2954248366013072,5,0.6666666666666666,0.1718213058419244
934,2016-07-11,0.14285714285714285,0.2253968253968254,28,4.6,1.2227074235807862
935,2016-07-12,0.23809523809523808,0.19365079365079363,42,0.5,2.0689655172413794
936,2016-07-13,0.07692307692307693,0.1526251526251526,13,-0.6904761904761905,0.5531914893617021
937,2016-07-14,0.08333333333333333,0.13278388278388278,12,-0.07692307692307693,0.49586776859504134
938,2016-07-15,0.125,0.09508547008547008,8,-0.3333333333333333,0.3418803418803419
939,2016-07-16,0.25,0.15277777777777776,4,-0.5,0.2
940,2016-07-17,0.3333333333333333,0.23611111111111108,6,0.5,0.3488372093023256
941,2016-07-18,0.23529411764705882,0.272875816993464,17,1.8333333333333333,1.096774193548387
942,2016-07-19,0.08333333333333333,0.21732026143790847,12,-0.29411764705882354,0.8695652173913043
943,2016-07-20,0.21428571428571427,0.17763772175536882,14,0.16666666666666666,0.9523809523809524
944,2016-07-21,0.1724137931034483,0.1566776135741653,29,1.0714285714285714,1.858974358974359
945,2016-07-22,0.11764705882352941,0.16811552207089733,17,-0.41379310344827586,1.0828025477707006
946,2016-07-23,0.0,0.09668695064232591,3,-0.8235294117647058,0.2272727272727273
947,2016-07-24,0.5,0.2058823529411765,4,0.3333333333333333,0.3278688524590164
948,2016-07-25,0.15,0.21666666666666667,20,4.0,1.7543859649122806
949,2016-07-26,0.07692307692307693,0.2423076923076923,26,0.3,2.0634920634920637
950,2016-07-27,0.10526315789473684,0.11072874493927125,19,-0.2692307692307692,1.2837837837837838
951,2016-07-28,0.1,0.0940620782726046,20,0.05263157894736842,1.2422360248447204
952,2016-07-29,0.1875,0.13092105263157894,16,-0.2,0.9756097560975611
953,2016-07-30,0.0,0.09583333333333333,7,-0.5625,0.41666666666666663
954,2016-07-31,0.0,0.0625,7,0.0,0.43478260869565216
955,2016-08-01,0.14285714285714285,0.047619047619047616,28,3.0,2.014388489208633
956,2016-08-02,0.05,0.06428571428571428,20,-0.2857142857142857,1.3333333333333333
957,2016-08-03,0.25,0.14761904761904762,36,0.8,2.155688622754491
958,2016-08-04,0.08333333333333333,0.12777777777777777,36,0.0,1.8090452261306533
959,2016-08-05,0.3225806451612903,0.2186379928315412,31,-0.1388888888888889,1.441860465116279
960,2016-08-06,0.18181818181818182,0.1959107201042685,11,-0.6451612903225806,0.5
961,2016-08-07,0.0,0.1681329423264907,5,-0.5454545454545454,0.2358490566037736
962,2016-08-08,0.2571428571428571,0.14632034632034632,35,6.0,1.7766497461928934
963,2016-08-09,0.2631578947368421,0.17343358395989972,19,-0.45714285714285713,0.8796296296296295
964,2016-08-10,0.07142857142857142,0.19724310776942355,28,0.47368421052631576,1.2280701754385965
965,2016-08-11,0.391304347826087,0.24196360466383351,46,0.6428571428571429,1.8473895582329318
966,2016-08-12,0.1,0.1875776397515528,20,-0.5652173913043478,0.7490636704119851
967,2016-08-13,0.0,0.163768115942029,10,-0.5,0.37453183520599254
968,2016-08-14,0.3,0.13333333333333333,10,0.0,0.41493775933609955
969,2016-08-15,0.09523809523809523,0.13174603174603175,21,1.1,0.9767441860465116
970,2016-08-16,0.2631578947368421,0.21946532999164578,19,-0.09523809523809523,0.926829268292683
971,2016-08-17,0.02564102564102564,0.12801233853865432,39,1.0526315789473684,1.8309859154929577
972,2016-08-18,0.12,0.13626630679262255,25,-0.358974358974359,1.0121457489878543
973,2016-08-19,0.3372093023255814,0.16095010932220236,86,2.44,3.628691983122363
974,2016-08-20,0.08333333333333333,0.18018087855297157,12,-0.8604651162790697,0.39473684210526316
975,2016-08-21,0.26666666666666666,0.22906976744186047,15,0.25,0.5208333333333334
976,2016-08-22,0.17857142857142858,0.1761904761904762,28,0.8666666666666667,1.0894941634241246
977,2016-08-23,0.2765957446808511,0.24061127997298212,47,0.6785714285714286,1.7735849056603774
978,2016-08-24,0.4098360655737705,0.2883344129420167,61,0.2978723404255319,2.019867549668874
979,2016-08-25,0.25,0.31214393675154056,40,-0.3442622950819672,1.13314447592068
980,2016-08-26,0.04878048780487805,0.23620551779288287,41,0.025,1.1021505376344085
981,2016-08-27,0.08333333333333333,0.12737127371273713,12,-0.7073170731707317,0.30456852791878175
982,2016-08-28,0.0,0.04403794037940379,12,0.0,0.32697547683923706
983,2016-08-29,-0.047619047619047616,0.011904761904761904,21,0.75,0.5932203389830508
984,2016-08-30,0.07142857142857142,0.007936507936507936,14,-0.3333333333333333,0.4844290657439447
985,2016-08-31,0.125,0.0496031746031746,16,0.14285714285714285,0.549828178694158
986,2016-09-01,0.09090909090909091,0.09577922077922078,22,0.375,0.7534246575342466
987,2016-09-02,0.18181818181818182,0.13257575757575757,22,0.0,0.7692307692307692
988,2016-09-03,0.2,0.1575757575757576,5,-0.7727272727272727,0.19157088122605362
989,2016-09-04,0.0,0.1272727272727273,9,0.8,0.43902439024390244
990,2016-09-05,0.2222222222222222,0.14074074074074075,9,0.0,0.5172413793103449
991,2016-09-06,0.0625,0.0949074074074074,16,0.7777777777777778,1.1267605633802817
992,2016-09-07,0.1978021978021978,0.16084147334147333,91,4.6875,6.232876712328768
993,2016-09-08,0.15217391304347827,0.1374920369485587,92,0.01098901098901099,4.088888888888889
994,2016-09-09,0.12121212121212122,0.15706274401926576,33,-0.6413043478260869,1.114864864864865
995,2016-09-10,0.0,0.09112867808519982,6,-0.8181818181818182,0.19047619047619047
996,2016-09-11,0.0,0.04040404040404041,8,0.3333333333333333,0.26229508196721313
997,2016-09-12,-0.09090909090909091,-0.030303030303030304,11,0.375,0.37800687285223367
998,2016-09-13,0.21428571428571427,0.04112554112554112,14,0.2727272727272727,0.5
999,2016-09-14,0.08,0.06779220779220778,25,0.7857142857142857,0.8650519031141869
1000,2016-09-15,0.125,0.13976190476190475,24,-0.04,0.7868852459016393
1001,2016-09-16,0.11538461538461539,0.10679487179487179,26,0.08333333333333333,0.8125
1002,2016-09-17,0.0625,0.10096153846153848,16,-0.38461538461538464,0.48484848484848486
1003,2016-09-18,0.0,0.0592948717948718,14,-0.125,0.5490196078431373
1004,2016-09-19,0.07692307692307693,0.046474358974358976,26,0.8571428571428571,1.4689265536723164
1005,2016-09-20,0.10344827586206896,0.060123784261715295,29,0.11538461538461539,1.7058823529411764
1006,2016-09-21,0.041666666666666664,0.07401267315060418,48,0.6551724137931034,2.4870466321243523
1007,2016-09-22,0.18181818181818182,0.10897770811563916,66,0.375,2.832618025751073
1008,2016-09-23,0.05555555555555555,0.093013468013468,72,0.09090909090909091,2.5
1009,2016-09-24,0.14814814814814814,0.12850729517396184,27,-0.625,0.7803468208092486
1010,2016-09-25,-0.05714285714285714,0.04885361552028219,35,0.2962962962962963,1.0057471264367817
1011,2016-09-26,0.05389221556886228,0.0482991688580511,167,3.7714285714285714,4.651810584958217
1012,2016-09-27,0.09547123623011015,0.030740198218705096,817,3.8922155688622753,16.34
1013,2016-09-28,0.06118546845124283,0.07018297341673842,523,-0.3598531211750306,4.019984627209839
1014,2016-09-29,0.08,0.07888556822711766,125,-0.7609942638623327,0.6906077348066298
1015,2016-09-30,0.24358974358974358,0.12825840401366215,78,-0.376,0.40859088528025145
1016,2016-10-01,0.19047619047619047,0.17135531135531135,21,-0.7307692307692307,0.10725229826353422
1017,2016-10-02,0.09090909090909091,0.174991674991675,11,-0.47619047619047616,0.05696530295183843
1018,2016-10-03,0.07692307692307693,0.11943611943611943,39,2.5454545454545454,0.20788912579957355
1019,2016-10-04,0.14583333333333334,0.10455516705516706,48,0.23076923076923078,0.26044492674986436
1020,2016-10-05,0.3023255813953488,0.17502733055058636,43,-0.10416666666666667,0.23068669527896996
1021,2016-10-06,0.2222222222222222,0.2234603789836348,45,0.046511627906976744,0.2403846153846154
1022,2016-10-07,0.33962264150943394,0.288056815042335,53,0.17777777777777778,0.3028571428571429
1023,2016-10-08,0.1111111111111111,0.22431865828092243,9,-0.8301886792452831,0.09127789046653144
1024,2016-10-09,0.42857142857142855,0.29310172706399124,14,0.5555555555555556,0.2966101694915254
1025,2016-10-10,0.0,0.17989417989417988,32,1.2857142857142858,0.8864265927977839
1026,2016-10-11,0.17333333333333334,0.20063492063492064,75,1.34375,2.380952380952381
1027,2016-10-12,0.21052631578947367,0.127953216374269,57,-0.24,1.5447154471544715
1028,2016-10-13,0.0,0.127953216374269,41,-0.2807017543859649,0.9879518072289156
1029,2016-10-14,0.29545454545454547,0.1686602870813397,44,0.07317073170731707,1.05515587529976
1030,2016-10-15,-0.2,0.03181818181818182,10,-0.7727272727272727,0.2421307506053269
1031,2016-10-16,0.14285714285714285,0.07943722943722943,7,-0.3,0.18421052631578946
1032,2016-10-17,0.08333333333333333,0.008730158730158718,36,4.142857142857143,1.0526315789473684
1033,2016-10-18,0.11627906976744186,0.114156515319306,43,0.19444444444444445,1.323076923076923
1034,2016-10-19,0.15217391304347827,0.1172621053814178,46,0.06976744186046512,1.2813370473537604
1035,2016-10-20,0.16666666666666666,0.14503988315919558,42,-0.08695652173913043,1.0741687979539642
1036,2016-10-21,0.1875,0.16878019323671498,48,0.14285714285714285,1.1970074812967582
1037,2016-10-22,0.0,0.11805555555555554,7,-0.8541666666666666,0.18716577540106952
1038,2016-10-23,0.15384615384615385,0.11378205128205128,13,0.8571428571428571,0.4012345679012346
1039,2016-10-24,0.07894736842105263,0.07759784075573549,38,1.9230769230769231,1.2837837837837838
1040,2016-10-25,0.12396694214876033,0.11892015480532227,121,2.1842105263157894,4.172413793103448
1041,2016-10-26,0.41346153846153844,0.20545861634378382,104,-0.14049586776859505,2.5935162094763093
1042,2016-10-27,0.11764705882352941,0.2183585131446094,34,-0.6730769230769231,0.6827309236947792
1043,2016-10-28,0.1794871794871795,0.23686525892408242,39,0.14705882352941177,0.7862903225806451
1044,2016-10-29,0.3333333333333333,0.21015585721468075,9,-0.7692307692307693,0.18292682926829268
1045,2016-10-30,0.0,0.17094017094017092,8,-0.1111111111111111,0.17582417582417584
1046,2016-10-31,0.09090909090909091,0.1414141414141414,198,23.75,4.703087885985748
1047,2016-11-01,0.19130434782608696,0.0940711462450593,115,-0.41919191919191917,2.0140105078809105
1048,2016-11-02,0.12280701754385964,0.13500681875967915,57,-0.5043478260869565,0.8394698085419734
1049,2016-11-03,0.1320754716981132,0.14872894568935327,53,-0.07017543859649122,0.7330567081604427
1050,2016-11-04,0.11538461538461539,0.12342236820886275,26,-0.5094339622641509,0.3523035230352304
1051,2016-11-05,0.0,0.08248669569424287,10,-0.6153846153846154,0.15552099533437014
1052,2016-11-06,0.0,0.038461538461538464,7,-0.3,0.12750455373406194
1053,2016-11-07,0.20588235294117646,0.06862745098039215,34,3.857142857142857,0.6513409961685823
1054,2016-11-08,-0.058823529411764705,0.04901960784313725,17,-0.5,0.32882011605415856
1055,2016-11-09,0.0,0.04901960784313725,23,0.35294117647058826,0.4380952380952381
1056,2016-11-10,0.045454545454545456,-0.00445632798573975,22,-0.043478260869565216,0.4074074074074074
1057,2016-11-11,0.1724137931034483,0.07262277951933126,29,0.3181818181818182,0.7967032967032968
1058,2016-11-12,0.0,0.07262277951933126,7,-0.7586206896551724,0.2517985611510791
1059,2016-11-13,0.1111111111111111,0.09450830140485313,9,0.2857142857142857,0.39473684210526316
1060,2016-11-14,0.0,0.037037037037037035,27,2.0,1.4673913043478262
1061,2016-11-15,0.11363636363636363,0.07491582491582492,44,0.6296296296296297,2.3783783783783785
1062,2016-11-16,0.030303030303030304,0.047979797979797977,33,-0.25,1.5068493150684932
1063,2016-11-17,0.09302325581395349,0.07898754991778247,43,0.30303030303030304,1.7551020408163265
1064,2016-11-18,0.08771929824561403,0.07034852812086594,57,0.32558139534883723,2.2440944881889764
1065,2016-11-19,0.0,0.06024751801985584,9,-0.8421052631578947,0.30612244897959184
1066,2016-11-20,-0.08333333333333333,0.0014619883040935672,12,0.3333333333333333,0.42857142857142855
1067,2016-11-21,0.11764705882352941,0.011437908496732027,34,1.8333333333333333,1.2592592592592593
1068,2016-11-22,0.125,0.05310457516339869,32,-0.058823529411764705,1.1636363636363636
1069,2016-11-23,0.23529411764705882,0.15931372549019607,17,-0.46875,0.5666666666666667
1070,2016-11-24,0.2222222222222222,0.19417211328976033,9,-0.47058823529411764,0.2922077922077922
1071,2016-11-25,0.2,0.21917211328976036,25,1.7777777777777777,0.8620689655172413
1072,2016-11-26,0.0,0.14074074074074075,7,-0.72,0.25830258302583026
1073,2016-11-27,0.07142857142857142,0.09047619047619049,14,1.0,0.5714285714285714
1074,2016-11-28,0.05,0.04047619047619048,40,1.8571428571428572,1.8518518518518516
1075,2016-11-29,-0.2,-0.026190476190476198,40,0.0,2.0100502512562817
1076,2016-11-30,0.10638297872340426,-0.014539007092198583,47,0.175,2.0434782608695654
1077,2016-12-01,0.10344827586206896,0.003277084861824403,58,0.23404255319148937,2.188679245283019
1078,2016-12-02,0.058823529411764705,0.08955159466574597,34,-0.41379310344827586,1.1764705882352942
1079,2016-12-03,-0.07692307692307693,0.028449576116918913,13,-0.6176470588235294,0.4467353951890034
1080,2016-12-04,0.0,-0.006033182503770741,10,-0.23076923076923078,0.34843205574912894
1081,2016-12-05,0.18115942028985507,0.03474544778892605,138,12.8,4.791666666666667
