Date,OPEN,HIGH,LOW,VOLUME,CLOSE
2013-08-26,30.8105146025,30.9688873738,30.676139,5472400,30.676139
2013-08-27,30.3593951195,30.5897560356,30.1338367085,4870800,30.143435
2013-08-28,30.1002424875,30.5705587689,30.0666489473,6044000,30.412186
2013-08-29,30.3303299534,30.7492433665,30.2773633473,4600000,30.566269
2013-08-30,30.677015614,30.7155373946,30.1425387887,5851000,30.248472
2013-09-03,30.6288660454,31.2500147202,30.5758994389,8214000,30.956293
2013-09-04,30.9755532338,31.5292904651,30.9611084088,7101400,31.360759
2013-09-05,31.2981645594,31.5774414523,31.148897353,5271600,31.481137
2013-09-06,31.4907698139,31.5629968294,30.8985103085,4632600,31.288536
2013-09-09,31.327053601,31.5822530517,31.2644582361,4147800,31.490769
2013-09-10,32.1167303289,32.25155608,31.760413728,13380000,32.174513
2013-09-11,32.251556135,32.6560232772,32.1745130549,9112400,32.545274
2013-09-12,32.7234343286,33.1760553835,32.6463946188,8249800,32.781217
2013-09-13,32.6945449348,32.8101059432,32.3526726782,6584600,32.699361
2013-09-16,33.1038277613,33.1375334768,32.6993611009,5337600,32.834183
2013-09-17,32.8293665697,33.0653056128,32.7330659709,7752400,32.896778
2013-09-18,32.7282505946,33.6334883764,32.708989704,8548000,33.455332
2013-09-19,33.5949663137,33.9753598658,33.1327169881,14627600,33.46496
2013-09-20,33.3205053745,33.4649598833,32.7908446205,37157000,33.402365
2013-09-23,33.2771723667,33.4890378302,32.7619564223,11022000,33.214577
2013-09-24,33.4360710653,33.5708934471,33.3156935087,7432800,33.431255
2013-09-25,33.4312551797,33.479405721,33.0990121588,7883200,33.185684
2013-09-26,33.3349540256,33.9416544961,33.2964327264,13765000,33.869427
2013-09-27,36.0265945392,36.2336439331,35.3187735552,31182000,35.458412
2013-09-30,34.8131904508,35.2321019358,34.7457795013,14796400,34.976902
2013-10-01,35.1695067795,35.2706234437,34.6783644314,10444400,34.870969
2013-10-02,34.6879974976,34.7939302299,34.4713154863,8751600,34.61577
2013-10-03,34.6157695561,34.9094912746,34.2161155883,7144600,34.495392
2013-10-04,34.5579872545,34.8372636653,34.3413090987,7168200,34.736147
2013-10-07,34.3846465673,34.6542908447,34.3316799619,5172800,34.350937
2013-10-08,34.4087200633,34.9720860613,33.7923874592,7514200,33.840538
2013-10-09,33.9560992557,34.4135358905,33.6864544956,9282200,34.134259
2013-10-10,34.7409638078,35.3669246947,34.6398466602,11104800,35.362112
2013-10-11,35.3765560652,35.5017496844,35.0924631116,10792200,35.37174
2013-10-14,35.1261691732,35.7136121243,35.0443133987,6199800,35.660646
2013-10-15,35.5836063868,35.8099166727,35.3476673409,7951200,35.492118
2013-10-16,35.6750901248,35.9302939109,35.4969337516,8751600,35.88214
2013-10-17,35.8002836144,35.9447386053,35.670277782,9384400,35.891772
2013-10-18,35.896588341,36.5899606502,35.7617625904,9830800,36.561071
2013-10-21,36.5418103998,36.7729372332,36.354021894,9992600,36.638111
2013-10-22,36.6477434964,36.8307159363,36.3636505392,6818800,36.575516
2013-10-23,36.3732822402,36.5658868083,36.1662328471,4762000,36.382911
2013-10-24,36.4069885409,36.488844316,36.2288283134,5626400,36.358838
2013-10-25,36.3829110511,36.7681206694,36.2817939055,6889000,36.450322
2013-10-28,36.4743994908,36.5851482869,36.2914270501,6136800,36.358838
2013-10-29,36.4888442634,36.6814488343,36.3732827727,4201000,36.551443
2013-10-30,36.8884988341,37.0233207342,36.5707001595,6314200,36.657372
2013-10-31,36.6140373792,36.7247828031,36.180677221,8184400,36.479215
2013-11-01,36.4984757516,36.8018257426,36.4262487378,4221600,36.623666
2013-11-04,36.7536761097,36.8547927745,36.4166165476,3609200,36.772937
2013-11-05,36.6140380639,37.2303706716,36.5369945017,6320400,37.172588
2013-11-06,37.3940861675,37.3940861675,36.6670047614,3945400,36.960726
2013-11-07,37.1725873258,37.2207412366,36.4310649619,6250800,36.450322
2013-11-08,36.3973559851,37.1436982785,36.3925437719,5821600,37.13407
2013-11-11,37.2207409484,37.2496305982,36.9414640615,3523200,37.15333
2013-11-12,37.076286884,37.201480504,36.7873817154,4327400,37.013692
2013-11-13,36.8547930507,37.5048308905,36.8162712697,4802200,37.48557
2013-11-14,37.6685467318,37.9478202576,37.5048313276,4764200,37.865964
2013-11-15,37.7455855555,38.1741296501,37.6781746064,5774000,38.14524
2013-11-18,38.2319123799,38.2319123799,37.7166964452,5693200,37.837074
2013-11-19,37.7552180191,37.8611468962,37.3411187512,6443200,37.466309
2013-11-20,37.5577975621,37.8467027341,37.4277912458,5893000,37.480754
2013-11-21,37.4711251672,37.6637297359,37.2737079038,4669400,37.601131
2013-11-22,37.7792918811,38.0296791249,37.5481688985,7035600,37.976713
2013-11-25,38.0681977655,38.3330298361,37.9815254427,4583400,38.101903
2013-11-26,38.4100692569,38.4582231685,38.1163513898,7360400,38.328213
2013-11-27,38.3715506805,38.4389621118,38.0826416573,3734200,38.198207
2013-11-29,38.3185849451,38.4052567862,38.0778298308,3475200,38.106719
2013-12-02,38.2656182942,38.5882291838,38.0007862243,6467800,38.082642
2013-12-03,37.986341508,38.2752471641,37.84670306,5129200,38.101903
2013-12-04,37.9911577811,38.1259796813,37.6829912366,4833200,37.952636
2013-12-05,38.0344918906,38.2030195071,37.8611477273,5493400,38.015231
2013-12-06,38.3378455092,38.4678513437,38.1645013469,3894000,38.453407
2013-12-09,38.4871120148,38.6460113509,38.3619183941,4299200,38.414885
2013-12-10,38.2078348839,38.3571059407,38.092273876,5393800,38.14524
2013-12-11,38.0007862374,38.0489367787,36.9462812455,13311600,36.999244
2013-12-12,37.153810606,37.153810606,36.4292822992,10826000,36.82053
2013-12-13,36.8784901242,37.0910198781,36.825358048,7562200,36.902643
2013-12-16,37.1489838387,37.2407545274,36.8446795305,9731000,36.921964
2013-12-17,37.1634733979,37.3132082839,36.9026432041,13980600,37.07653
2013-12-18,37.1924532963,37.9556240832,37.1683009035,10814400,37.941134
2013-12-19,37.9507928847,38.0377362819,37.5595485633,10294600,37.801058
2013-12-20,37.4049827858,37.5305652787,37.0185662353,20442600,37.356678
2013-12-23,37.2359232074,37.4049827121,37.0427185552,9376800,37.245586
2013-12-24,37.2987182446,37.5788701599,37.2938870898,2782600,37.511248
2013-12-26,37.549886573,37.8976606479,37.5305653349,4609800,37.767247
2013-12-27,38.0377362026,38.1633220755,37.6899621315,4640800,37.752757
2013-12-30,37.6368295251,38.1053583138,37.6368295251,4289000,38.032905
2013-12-31,38.047395488,38.1343388858,37.8445280427,4106200,37.984604
2014-01-02,37.7479262331,38.0763790697,37.6416611141,5318600,37.791396
2014-01-03,37.7479257135,37.9797723564,37.656150679,5597000,37.689962
2014-01-06,37.9024921199,37.9652831254,37.3904935544,6045800,37.400152
2014-01-07,37.5353966365,37.6754725945,37.3904933878,6769000,37.429132
2014-01-08,37.4339626701,37.6513197139,37.1586419124,6897800,37.235923
2014-01-09,37.3953201942,37.4146414321,37.07652967,6263200,37.235923
2014-01-10,37.1924534761,37.3615091168,37.0475463642,5108000,37.153811
2014-01-13,37.1103411093,37.1538108759,36.2264156026,8262400,36.313359
2014-01-14,36.2747166786,36.390640243,36.0573601162,7808400,36.308528
2014-01-15,36.3471706019,36.5790211126,36.2940380422,5852400,36.434114
2014-01-16,36.3375112702,36.409961203,35.9124522468,4848000,36.124982
2014-01-17,36.0332073598,36.1008300028,35.4439238452,9851800,35.448755
2014-01-21,35.8110188781,36.0332070774,35.4584175147,13147000,35.622642
2014-01-22,35.7240751975,35.7723766016,35.501887,7424000,35.501887
2014-01-23,35.2652088011,35.3473210433,34.7870177029,9505200,35.129964
2014-01-24,34.9174345938,35.0961530247,34.6034713622,9212000,34.608303
2014-01-27,34.7338891548,34.9029447946,34.6421141197,11411600,34.729058
2014-01-28,34.9174350381,35.3328317546,34.8498128784,9069200,35.120302
2014-01-29,34.9270936739,35.0526795467,34.5406805084,10488800,34.666263
2014-01-30,34.9947164528,35.8399994939,34.9609051311,10438400,35.714417
2014-01-31,35.2555466424,35.410112682,34.9512462008,8652000,35.187924
2014-02-03,35.1444549157,35.1589449992,34.1880760777,9516000,34.236377
2014-02-04,34.2750190457,34.4102638483,33.9755458928,7004200,34.057662
2014-02-05,34.0383409946,34.226718358,33.7388678396,7366800,34.101132
2014-02-06,34.173585686,34.9077729329,34.0528309662,7358600,34.540681
2014-02-07,34.7338892434,35.1879240879,34.6566042913,6747200,35.110643
2014-02-10,35.1299645479,35.2555470414,34.8353230314,6430400,35.100981
2014-02-11,35.09132241,35.8158507261,34.9947162194,8739400,35.733738
2014-02-12,35.8931313251,36.1346407605,35.6661114898,6396200,35.796529
2014-02-13,35.6612848817,36.2070947671,35.6178112504,6161400,36.163625
2014-02-14,36.1636246739,36.3133590763,35.8399991291,6204800,36.260227
2014-02-18,36.2940376788,36.4534348732,36.1781145982,5935600,36.327849
2014-02-19,36.0380385199,36.4920772256,36.0380385199,5401400,36.139472
2014-02-20,36.2215839359,36.5886792415,36.1587929321,5581600,36.506567
2014-02-21,36.4147924943,37.0282288805,36.4003028941,8728600,36.941285
2014-02-24,36.994413411,37.7430941104,36.94611249,11072200,37.598187
2014-02-25,37.5450587926,37.9266408077,37.4677743232,6844000,37.728605
2014-02-26,37.825206924,38.1874710783,37.825206924,7917400,37.878339
2014-02-27,37.7911294203,37.9800845829,37.539190011,6599200,37.800818
2014-02-28,37.7426798537,38.1351247403,37.6021738894,6875200,37.936481
2014-03-03,37.6118624294,37.7862835116,37.0886035434,6069200,37.495583
2014-03-04,38.0672954635,38.299857714,37.9655505993,5661200,38.091522
2014-03-05,38.0430693479,38.0818299657,37.4810493536,6733200,37.510118
2014-03-06,37.6942302736,37.9800843125,37.481048576,5536400,37.89772
2014-03-07,38.3240799198,38.803735589,38.3143918247,8930800,38.498501
2014-03-10,38.3579958939,38.4500526639,38.0091542102,5344400,38.265943
2014-03-11,38.2998574142,38.5760233585,38.0672951655,4906600,38.178732
2014-03-12,37.8395790976,38.2756315655,37.8056644655,4296800,38.261097
2014-03-13,38.3967566808,38.6293189319,37.9510161212,8400400,38.047915
2014-03-14,37.9316354347,38.2756311287,37.6990731845,6086000,37.94617
2014-03-17,38.2126478168,38.3434613285,38.0430693268,8577600,38.265943
2014-03-18,38.3628417193,38.7988941855,38.2998579565,8245400,38.585712
2014-03-19,38.4452053931,38.7407518874,38.0624490853,5970400,38.348307
2014-03-20,38.2514044693,38.406445,37.6796925125,12440600,38.406445
2014-03-21,37.3550766437,37.4568219913,36.3376241369,31767000,36.439369
2014-03-24,36.5701870003,36.7397620979,36.1292890331,9999000,36.269795
2014-03-25,36.5071988787,36.5847210818,35.6544749936,10527000,35.683548
2014-03-26,35.9403331087,36.0953736398,35.475212,8537600,35.475212
2014-03-27,35.5188160144,35.9015723289,35.3734674532,8158600,35.523662
2014-03-28,35.6496335511,35.9112649353,35.5042815978,5987000,35.630253
2014-03-31,35.8531227477,35.9451790319,35.5866453819,6356600,35.785293
2014-04-01,35.8628114168,36.2310336474,35.8628114168,7399400,36.042078
2014-04-02,36.1971183127,36.3376242777,36.008163151,7614600,36.114754
2014-04-03,36.1244429473,36.4248349467,35.7659126865,8255000,35.848277
2014-04-04,36.0323899318,36.0953736941,35.1360589532,9720200,35.291099
2014-04-07,35.2765643335,35.3395514863,34.205815682,13853800,34.317253
2014-04-08,34.9907102923,35.4219167687,34.8356702459,12659600,35.32986
2014-04-09,35.4945924406,35.6593210663,35.1409047767,7078400,35.639941
2014-04-10,35.7416861946,35.9354873441,35.005245121,8376600,35.102144
2014-04-11,34.8841192421,35.2087343827,34.5062084348,8698000,34.520743
2014-04-14,34.7387678684,35.1069901021,34.5449701097,7264800,35.068229
2014-04-15,35.0682281963,35.3056369133,34.7533050288,7777400,35.019779
2014-04-16,35.2910995972,35.4558321025,35.1263709679,4611200,35.417071
2014-04-17,35.5333494049,36.0614581463,35.5091267447,9041600,35.867657
2014-04-21,35.8095189855,35.8821913262,35.5236610732,6811800,35.804673
2014-04-22,35.7126174174,36.1922730991,35.7126174174,5122200,36.022698
2014-04-23,36.1147541837,36.2697947147,35.8579687887,4719400,35.901572
2014-04-24,35.8628120824,36.0323905736,35.4170710315,6784600,35.557577
2014-04-25,35.4122241617,35.7077706569,35.1312161077,6481200,35.223269
2014-04-28,35.5430422588,35.7029282911,34.4480670538,11446800,34.724233
2014-04-29,34.748459767,35.2329614302,34.7145451351,6236000,35.116682
2014-04-30,35.0440063903,35.3976906676,34.9277230837,6173800,35.344395
2014-05-01,35.2765648175,35.5527302786,35.1699734836,4818200,35.32986
2014-05-02,35.3347058696,35.6254063795,35.2910987824,4048000,35.363775
2014-05-05,35.2087345185,35.5769567476,35.0100907768,4655600,35.509127
2014-05-06,35.3637752601,35.450985559,34.9858644491,4585200,35.005245
2014-05-07,35.2281153966,35.2862570496,34.6564034349,5605400,34.97133
2014-05-08,35.0197797808,35.5381960767,35.0052452154,7965200,35.392848
2014-05-09,35.3056369479,35.6496326375,35.2184261658,4817000,35.586645
2014-05-12,35.6690142227,36.1728964415,35.5478888058,6636400,36.158358
2014-05-13,36.1777381019,36.3376246193,36.1099083538,4530200,36.138977
2014-05-14,36.0856849771,36.1680497746,35.6108718983,6281200,35.649633
2014-05-15,35.5672687489,35.6690136128,35.0633865387,6039800,35.339552
2014-05-16,35.3492409158,35.8288965941,35.286257153,5376800,35.824054
2014-05-19,35.8628117333,36.1196005224,35.7223091577,4682200,36.090528
2014-05-20,35.8725038148,35.9015724612,35.4219172656,5921400,35.494593
2014-05-21,35.5527306499,35.9790945367,35.4945928727,4671800,35.954868
2014-05-22,36.05661272,36.3037095366,35.8531229909,4866400,36.279483
2014-05-23,36.4006083197,36.9771667496,36.3182440064,7335200,36.74945
2014-05-27,37.0353072038,37.2339509428,36.9287163559,6698000,37.117672
2014-05-28,37.0789114001,37.1176725017,36.7833649042,4730000,36.95294
2014-05-29,37.035565409,37.249420048,36.9334993721,3987600,37.123051
2014-05-30,37.1327731924,37.3903686769,37.0841705735,5192400,37.38065
2014-06-02,37.4195299267,37.4195299267,37.0841709291,3809600,37.288303
2014-06-03,37.1424925916,37.234839951,36.6856258258,6793400,36.719648
2014-06-04,36.666184,37.1133320875,36.6564614347,7356800,37.001543
2014-06-05,37.0890292364,37.2008178383,36.6078594588,7326400,36.875178
2014-06-06,37.016127312,37.361208877,37.0112660293,6637600,37.050149
2014-06-09,36.9869622988,37.3806503693,36.9869622988,5028600,37.264
2014-06-10,37.1036089597,37.3855079449,37.055006826,5150200,37.089029
2014-06-11,36.7779689732,36.8411554405,36.4037270049,9250000,36.520373
2014-06-12,36.5446754703,36.6661832323,36.248196531,6330600,36.34054
2014-06-13,36.3259602968,36.4183071699,35.5483110902,7712200,36.267639
2014-06-16,36.3599826455,36.5981402952,36.1607118549,6531400,36.233617
2014-06-17,36.3405405483,36.5300960621,36.0878058577,6122200,36.49607
2014-06-18,36.5689753934,37.1133316299,36.3162407043,9852200,37.040426
2014-06-19,37.1473540246,37.1570731877,36.5543956436,4977600,36.763389
2014-06-20,36.9821017822,37.0015435108,36.4766328769,11385600,36.500932
2014-06-23,36.5009316151,36.7488089137,36.1607118174,9069200,36.671042
2014-06-24,36.6418807886,36.9237797729,36.4183069891,7617000,36.44261
2014-06-25,36.4669093137,37.2008171736,36.4669093137,7172200,37.166795
2014-06-26,37.2153975094,37.3806500106,36.7779685922,10522600,37.356347
2014-06-27,38.1680189178,38.4693596352,37.754893,18138400,37.754893
2014-06-30,37.6722682717,37.7791955904,37.4681323111,8535800,37.69171
2014-07-01,37.7791950742,38.1728792537,37.7791950742,7129200,37.910422
2014-07-02,37.9395829259,38.1096967102,37.7597533809,5577200,37.808356
2014-07-03,37.6819873992,38.211763196,37.4243914248,4568600,38.129135
2014-07-07,37.9104218459,38.3138285889,37.881260955,5464800,38.226343
2014-07-08,38.0610908746,38.1096968962,37.4584133396,8044400,37.750031
2014-07-09,37.8034952783,38.2846650546,37.7597539411,7028800,38.245785
2014-07-10,37.5556183986,37.8180756559,37.3223254348,6357000,37.667407
2014-07-11,37.5604797174,37.7111478874,37.307745025,5758000,37.565341
2014-07-14,37.886119,38.0027688825,37.7111473355,5503400,37.886119
2014-07-15,37.6771261882,38.0124885905,37.657687862,6506000,37.925003
2014-07-16,37.8375168838,38.022211116,37.3126028553,7449600,37.385508
2014-07-17,37.1473533807,37.4098106354,37.0841708019,7461600,37.195956
2014-07-18,37.3514856785,37.7694728727,37.2640000885,6065200,37.677126
2014-07-21,37.3417672827,37.5702023667,37.2785808148,4209400,37.336906
2014-07-22,37.4778551739,37.7354506612,37.4243912717,5036000,37.443833
2014-07-23,37.5507600982,37.643103568,37.3417667455,4092200,37.604224
2014-07-24,37.8812614474,38.2846647934,37.8423784769,8030200,38.20204
2014-07-25,38.0756708233,38.2895259451,37.7208705841,4540400,37.774334
2014-07-28,37.8763994362,38.2020392651,37.6771252491,4065200,38.104835
2014-07-29,38.11455494,38.3284100655,37.959025,4669600,37.959025
2014-07-30,38.0999741374,38.8533237351,38.046510721,9048200,38.692933
2014-07-31,38.2312049201,38.4061726985,37.4146722576,7796800,37.487574
2014-08-01,37.2008175186,37.5458990824,37.1279118881,5825800,37.317464
2014-08-04,37.3660659029,37.6236657633,37.0793095257,4839400,37.502158
2014-08-05,37.3077449749,37.7354508477,37.1959563735,4866200,37.385508
2014-08-06,37.1862368942,37.5410376193,37.1570726009,5074400,37.492435
2014-08-07,37.7646114369,37.7791952847,36.9286409402,6737400,37.10847
2014-08-08,37.08902871,37.4729932421,36.8897579222,6714800,37.453552
2014-08-11,37.6576874726,37.6674066355,37.4146719459,7828600,37.453552
2014-08-12,37.4243919292,37.6382465694,37.1765151145,9142000,37.293165
2014-08-13,37.4632746927,37.8083562557,37.200817437,6400400,37.545899
2014-08-14,37.6771259159,37.8180754078,37.4049494972,3935000,37.570202
2014-08-15,37.774334268,37.910422478,37.1765146093,4490000,37.487574
2014-08-18,37.7791955331,38.245784862,37.7014291059,5697400,38.177741
2014-08-19,38.2555037527,38.440194095,38.0805320873,4424000,38.158299
2014-08-20,38.0027686728,38.4353363062,38.0027686728,3965800,38.352712
2014-08-21,38.4158956202,38.5908672885,38.226343992,4001800,38.367293
2014-08-22,38.5179612717,38.7512576372,38.3575700508,5807400,38.537403
2014-08-25,38.6880713217,39.0282954931,38.6394691879,5074400,38.887346
2014-08-26,38.8970651381,38.9310868262,38.6005857063,5216400,38.62975
2014-08-27,38.8776229261,38.8776229261,38.6005852261,3679400,38.746396
2014-08-28,38.5221452761,38.6196469648,38.3466491591,5169200,38.424647
2014-08-29,38.4392711712,38.4831480038,38.1565214402,6423000,38.293024
2014-09-02,38.1955217268,38.7658947116,38.1955217268,8164200,38.648896
2014-09-03,38.8975212199,38.9413941523,38.2881478534,4409600,38.424647
2014-09-04,38.6098954497,39.107146072,38.6001469382,6022800,38.960895
2014-09-05,38.775647245,40.0285189091,38.6830210291,12380600,39.994394
2014-09-08,39.9358926732,40.3600180062,39.5312677757,11728200,40.169894
2014-09-09,40.1065169303,40.2381435304,39.7360203526,8119000,39.896892
2014-09-10,39.8432699395,40.2722678175,39.7311437768,6742400,40.204018
2014-09-11,40.0528955095,40.2625160524,39.7506448502,7460400,39.887144
2014-09-12,39.960269269,39.9748937427,39.6872714572,5926200,39.896892
2014-09-15,40.0236418981,40.0626427687,39.4922702704,6729000,39.784769
2014-09-16,39.599520886,39.7506445081,39.4045209184,9393200,39.584893
2014-09-17,39.7555204355,39.892019584,39.4873946881,7443200,39.73602
2014-09-18,39.9017676934,39.9748934735,39.6092694479,6393400,39.960269
2014-09-19,40.2868924118,40.3356417947,39.6482705721,19704400,39.882268
2014-09-22,39.8188942314,39.9115204479,39.0973946854,8138400,39.34602
2014-09-23,39.2533935535,39.2826459127,38.9462703499,6046800,39.058397
2014-09-24,39.0681453721,39.4240213735,38.9608951705,6754000,39.409393
2014-09-25,39.3313947872,39.3313947872,38.6440201635,14138400,38.878021
2014-09-26,42.8901374326,43.8700073899,42.5586383139,35090400,43.631134
2014-09-29,43.0315091763,43.9236322928,43.0315091763,14834400,43.445886
2014-09-30,43.2362610981,44.0162585382,43.0948864737,11583400,43.484883
2014-10-01,43.343511846,43.3873847795,42.6610126835,9471600,42.753635
2014-10-02,42.7390096883,43.6360092386,42.3538852311,8739200,43.533635
2014-10-03,43.7578841771,44.0942558418,43.4702579949,8790000,44.016258
2014-10-06,44.016258615,44.1186328557,43.1728843918,7031200,43.494635
2014-10-07,43.1923833329,43.4800095125,42.9145095647,5486400,42.93401
2014-10-08,42.9535104525,43.4653855442,42.6707602348,7481200,43.30451
2014-10-09,43.1192584881,43.3825082732,42.4611357316,7462200,42.524513
2014-10-10,42.6268876761,42.9973842538,42.4172632332,9048200,42.505013
2014-10-13,42.3928869681,42.470888711,41.5543887066,8005200,41.627514
2014-10-14,41.8176385701,41.8810158395,41.3593883233,9853400,41.481263
2014-10-15,41.4958905407,42.461135523,40.9986394324,17571600,41.525139
2014-10-16,41.0425162035,42.5342612387,40.8767646968,13644000,42.431887
2014-10-17,42.7975116968,43.0705095085,42.378262324,11396800,42.500137
2014-10-20,42.3148882271,43.3532589859,42.3002603412,6743400,43.338635
2014-10-21,43.5336356873,44.2161309472,43.3971331253,6459600,44.186882
2014-10-22,44.1917584634,44.6207558601,43.7822576023,7087800,43.806634
2014-10-23,43.938256387,44.5183813027,43.8505066209,6191800,44.055259
2014-10-24,43.8505067955,44.3575059332,43.8310102599,4931000,44.313633
2014-10-27,44.3185093816,44.7426308189,44.0845080523,5819400,44.674381
2014-10-28,44.6207551745,45.069253,44.5135049738,6358400,45.069253
2014-10-29,44.9278821395,45.113130183,44.5671301765,4998600,44.825504
2014-10-30,44.7377541378,45.337379,44.6305073491,4585200,45.337379
2014-10-31,45.8882515467,45.8931275087,45.1765039263,6463600,45.322755
2014-11-03,45.5080026176,45.571379886,45.2740056793,4862800,45.556752
2014-11-04,45.3666276483,45.8346259087,45.1521306597,4441400,45.800501
2014-11-05,46.2343748421,46.2343748421,45.6835027726,6513800,46.156377
2014-11-06,46.2392506749,46.3562493878,46.0881275405,5482000,46.117376
2014-11-07,46.1905022307,46.1905022307,45.600629286,4909800,45.717628
2014-11-10,45.8443781716,46.3465013444,45.8443781716,5898200,46.292876
2014-11-11,46.4098745833,46.4586273781,46.1076278281,4563200,46.253875
2014-11-12,46.0442502872,46.7608738565,45.9370034993,5018400,46.707249
2014-11-13,46.8876244592,47.0680004387,46.5853742935,5417400,46.858376
2014-11-14,46.697501111,46.7413740441,46.3172526112,6406800,46.556126
2014-11-17,46.4927523355,46.8925007808,46.3318767901,5931000,46.829124
2014-11-18,46.7949991619,47.2142480432,46.6828764111,4803400,47.029
2014-11-19,47.0436250452,47.3361232933,46.9704992644,4586000,47.262998
2014-11-20,47.1021258838,47.6286215551,46.9509988492,4822400,47.433625
2014-11-21,48.1112483071,48.2428714953,47.1216269081,7016400,47.492123
2014-11-24,47.6724981583,48.0186217464,47.6481217609,5081600,47.750496
2014-11-25,47.9211236619,48.0186219394,47.418997076,6177200,47.428749
2014-11-26,47.4336246516,47.7163709707,47.3361224748,3948800,47.677374
2014-11-28,47.9406198014,48.6328708746,47.8869983574,3609400,48.403746
2014-12-01,48.0966237142,48.4524953279,47.609125014,5139200,47.623749
2014-12-02,47.8041215115,48.1258721158,47.6237489426,4384000,47.794373
2014-12-03,47.8528743918,48.0673708951,47.540871811,3792000,48.018622
2014-12-04,48.0186222508,48.452495609,47.8041218465,4128200,48.286748
2014-12-05,48.3891220909,48.5061208043,48.1794976492,3408200,48.423247
2014-12-08,48.2867482535,48.2867482535,47.4336255186,5155200,47.638374
2014-12-09,47.3166224734,47.4823739801,46.790126319,5989000,47.301998
2014-12-10,47.0338760464,47.8918713211,47.0241241224,6457800,47.609125
2014-12-11,47.6580146993,48.2055807286,47.3451150063,8723600,47.389118
2014-12-12,47.2522271601,47.8584622218,47.017553,8243800,47.017553
2014-12-15,47.1446684296,47.3891186445,46.3379822318,10152600,46.655768
2014-12-16,46.6166544177,46.6508774474,45.4530728761,14614400,45.570408
2014-12-17,45.8246381408,46.3282050879,45.4188503006,11205200,46.20109
2014-12-18,47.0664422132,47.462454,46.4748731908,18960800,47.462454
2014-12-19,46.6899902337,47.0713320734,45.3846270866,27002000,46.367314
2014-12-22,46.5090961914,46.900218,46.4553171444,7662200,46.900218
2014-12-23,46.9344405238,47.1837807168,46.7339893951,5241800,46.919774
2014-12-24,47.1300015352,47.5944549793,46.9784394714,2439600,47.076222
2014-12-26,47.1837808644,47.5260096943,47.0566657765,3144400,47.340229
2014-12-29,47.2326707277,47.7411276605,47.2326707277,4017800,47.570013
2014-12-30,47.364672,47.5700131132,47.2375608221,4146800,47.364672
2014-12-31,47.4086738524,47.7215701188,46.9539964653,4697400,47.007776
2015-01-02,47.2033376032,47.3988948402,46.0104195858,4985800,46.460207
2015-01-05,46.2059804099,46.2255369159,45.531295375,6889200,45.71219
2015-01-06,45.9028603769,46.029975954,45.0130620931,7576000,45.443293
2015-01-07,45.7659684971,46.5922111792,45.5166278179,7256000,46.381984
2015-01-08,46.7682163423,47.4722300169,46.7486598365,5978200,47.452674
2015-01-09,47.3891183791,47.4184514269,46.7388798335,4689000,46.929551
2015-01-12,46.8904414878,47.1886673233,46.5579887116,5630800,46.865995
2015-01-13,47.1006646268,47.6433445833,46.2646453954,6182200,46.45043
2015-01-14,45.6535198831,46.1375342337,45.4237401074,6658200,45.814858
2015-01-15,46.2646452755,46.2890917632,45.257511877,4235000,45.374847
2015-01-16,45.3552904189,45.5312945698,44.9935050865,8770000,45.462849
2015-01-20,45.6828564171,45.9028601404,45.2819585599,9403800,45.765969
2015-01-21,45.5215193399,46.0201958209,45.472629786,5854000,45.71708
2015-01-22,46.1277543587,46.9882205779,45.741523021,6952400,46.861105
2015-01-23,47.0028855472,47.3011152901,46.7633258098,6781000,47.012666
2015-01-26,46.9344408289,47.1642245177,46.7144371043,4964000,47.105555
2015-01-27,46.5922118053,46.6655439354,46.0153093059,6696800,46.20109
2015-01-28,46.4455396838,46.6019878174,45.5899639527,6402600,45.619297
2015-01-29,45.7953010554,46.381984,45.5508508471,6802400,46.381984
2015-01-30,45.9175267282,46.1326443809,45.0277279588,8106400,45.101064
2015-02-02,45.3112913001,45.3161812821,44.3774900235,8056600,44.939726
2015-02-03,45.0912879649,45.658410506,44.9935059236,7940200,45.638854
2015-02-04,45.3552911426,45.5997413561,45.1108409291,7187400,45.242846
2015-02-05,45.409070292,45.756189107,45.2526226439,5754400,45.633964
2015-02-06,45.6633001644,45.6975227049,44.7539448951,7381800,44.87617
2015-02-09,44.7343891189,44.8321677377,44.3383807504,7339400,44.573051
2015-02-10,44.8517235975,45.5166281694,44.5974968456,7694600,45.345514
2015-02-11,45.2183984908,45.3455135767,44.4654913614,8541000,44.641496
2015-02-12,44.7148322822,45.3015152354,44.392159958,11855800,44.978839
2015-02-13,44.988615036,45.2575117329,44.9299494303,7695600,44.998395
2015-02-17,44.851723483,45.4188499249,44.8419469413,7371000,44.910393
2015-02-18,44.7539451439,45.8441911299,44.7001656085,8143800,45.770859
2015-02-19,45.7024128407,46.0837546804,45.7024128407,6605200,45.809968
2015-02-20,45.7659689327,46.5873216406,45.6388533564,7398000,46.411317
2015-02-23,46.4064270065,46.5579885816,46.0935312258,4622200,46.45043
2015-02-24,46.3233146971,46.709546517,46.3233146971,5239200,46.650877
2015-02-25,46.6508774293,47.5211196942,46.6508774293,7053600,47.335339
2015-02-26,47.3941798653,47.7226922221,47.3892757005,5935000,47.555982
2015-02-27,47.5363689274,47.7619188309,47.3794670344,7118600,47.619726
2015-03-02,47.506951248,48.4728795165,47.4383071595,11025000,48.418944
2015-03-03,48.2669461472,48.2816552095,47.6197263245,7038400,48.036496
2015-03-04,47.889398252,47.9874643859,47.5412726703,4853000,47.81585
2015-03-05,48.0315917907,48.3846215424,47.9482386402,6633600,48.276751
2015-03-06,48.2767510987,48.3895258062,47.364758348,7174600,47.51676
2015-03-09,47.6050137747,47.9629481852,47.5314689531,5938800,47.771724
2015-03-10,47.2765013806,47.5461779843,47.1931482293,7096000,47.320632
2015-03-11,47.2568876449,47.600112989,46.6685070144,7484200,46.746956
2015-03-12,46.8254091424,47.6099176343,46.766569461,5809800,47.5805
2015-03-13,47.5804991168,47.7962401984,46.7273460619,7396200,46.977406
2015-03-16,47.1686301286,47.46282412,47.0362456273,8497000,47.286309
2015-03-17,47.1392116545,47.4530154383,46.8303125258,6408200,47.33534
2015-03-18,47.3353406434,47.9874651211,46.8793445139,8855600,47.81095
2015-03-19,47.9580436254,48.3552039968,47.6638530641,13536000,48.208107
2015-03-20,50.3213780315,50.8901493606,49.644740082,29779800,50.002674
2015-03-23,49.7918366187,50.306668504,49.6202222312,10471800,49.747706
2015-03-24,49.5466768545,49.8457715753,49.3260311182,7598800,49.350549
2015-03-25,49.5221599964,49.6104173113,48.5121050405,8133400,48.536619
2015-03-26,48.2179108287,49.0759680524,47.8893984722,9479800,48.703329
2015-03-27,48.6003629451,49.120098996,48.6003629451,4403600,48.973002
2015-03-30,49.6349352244,49.7918371191,49.2966145333,5435400,49.468225
2015-03-31,49.4633206791,49.9340258714,49.1740347729,6309200,49.193648
2015-04-01,49.0318418172,49.169130484,48.2179112818,6605400,48.8112
2015-04-02,49.051454526,49.1887431913,48.7327465769,3840400,48.865135
2015-04-06,48.4189434823,49.3407406316,48.3208812703,5027400,48.899457
2015-04-07,48.8994571907,49.1593254613,48.7719734216,3993600,48.840618
2015-04-08,49.0318414927,49.5074508455,48.8945528269,6522400,49.443707
2015-04-09,49.522160668,49.8604813601,49.3260323184,5301000,49.384872
2015-04-10,49.4829340286,49.5613869372,48.9975197729,5918200,49.017133
2015-04-13,49.0171328547,49.0612600415,48.5709416223,7313800,48.673908
2015-04-14,48.5709418516,48.9386806677,48.3944267295,4770800,48.801392
2015-04-15,49.3407412856,49.3897760697,48.8994576482,5716200,48.948489
2015-04-16,48.7817784871,49.1151950118,48.7376517907,4104000,48.982811
2015-04-17,48.6248769703,48.7229431064,48.1198494855,6049600,48.320882
2015-04-20,48.5807501976,49.1985484669,48.5513286407,6208600,49.026938
2015-04-21,49.4044851485,49.4486118452,48.8945534996,5125200,49.174035
2015-04-22,49.1789382522,49.2230649481,48.6837156749,3905800,49.10539
2015-04-23,48.9239705331,49.8163495503,48.7621644769,4668200,49.576095
2015-04-24,49.257387955,49.6594490591,49.13480835,4334000,49.497643
2015-04-27,49.654544626,50.0124785415,49.4093854175,5158400,49.492742
2015-04-28,49.4240972869,49.4240972869,48.634684155,6031600,48.963197
2015-04-29,48.8013917025,49.2720968939,48.6690072004,5395200,49.115195
2015-04-30,48.9092627265,49.2819057089,48.2767514701,6497000,48.463071
2015-05-01,48.9730024403,49.4339032272,48.7425562145,6683400,49.41429
2015-05-04,49.5221601503,49.6202223628,49.2671960443,4557800,49.438807
2015-05-05,49.2426791649,49.4584207417,49.1593260137,5104400,49.237775
2015-05-06,49.1642259595,49.5221598731,48.8749395658,5396600,49.139712
2015-05-07,49.2524835823,49.8114460882,49.0416466628,5526200,49.742802
2015-05-08,50.1546717466,50.6498943321,50.1546717466,5534800,50.22822
2015-05-11,50.2184117132,50.6106679211,50.0566056536,5339800,50.399831
2015-05-12,50.0026738167,50.3507994037,49.816350366,4676400,50.193898
2015-05-13,50.3507987781,50.3704120049,49.9095117164,4508200,50.090931
2015-05-14,50.4733787917,50.7528602892,50.1644762279,5433400,50.718538
2015-05-15,50.8215050136,51.4981429596,50.6842163469,7865200,51.473629
2015-05-18,51.5373691198,51.7285928115,51.1990479423,5045200,51.360854
2015-05-19,51.2971145929,51.5716914372,51.1647261678,5971200,51.306919
2015-05-20,51.444207238,51.556982435,51.0960816529,5399200,51.29221
2015-05-21,51.4196941476,51.5814962842,51.1107910916,5455200,51.189244
2015-05-22,51.5863998728,51.5913040376,51.0127283088,5654800,51.203952
2015-05-26,51.2039525847,51.360854479,50.5910545599,5691400,50.70873
2015-05-27,50.7381512188,50.9538888705,50.1644762198,8896800,50.424344
2015-05-28,50.2620990083,50.6160891155,49.9081054596,5781600,50.296515
2015-05-29,50.2965143794,50.3358439909,49.6770255539,5562200,49.986768
2015-06-01,50.0359331119,50.2915967272,49.8786028665,4944000,50.031019
2015-06-02,50.0506853096,50.4882595587,49.9031867309,4974400,50.203098
2015-06-03,50.2915969642,50.6849201211,50.0359333477,4745000,50.399762
2015-06-04,50.1785147642,50.7881719307,49.9621881324,4467200,50.124432
2015-06-05,49.9031872724,50.2719300355,49.721272701,3791800,50.163765
2015-06-08,49.9523521564,50.0949331836,49.8441871206,4314000,49.873689
2015-06-09,49.8982699828,50.114600055,49.5491939902,3476800,49.829438
2015-06-10,50.0654358421,51.1470798222,49.9818551312,6270400,50.807835
2015-06-11,51.6682345053,51.6829876576,50.8717525875,6178000,51.07333
2015-06-12,50.9110858521,51.1814947546,50.7439204988,4133000,51.024165
2015-06-15,50.6898377451,51.0585805098,50.5079271061,4902000,50.812752
2015-06-16,50.876669877,51.6141554066,50.8570031045,5034000,51.407657
2015-06-17,51.4961554465,51.7075679657,51.1716637789,4072400,51.501073
2015-06-18,51.648571307,52.4450532193,51.6289045346,5690600,52.115644
2015-06-19,52.1303934893,52.5335517552,52.0861458323,7285600,52.376222
2015-06-22,52.538468991,52.8285446625,52.4352215097,4186600,52.504053
2015-06-23,52.705631,52.7351328794,52.5188028076,5934200,52.705631
2015-06-24,52.7056309115,52.7892155546,52.1353107367,5056200,52.223809
2015-06-25,52.5138851848,52.5138851848,51.4617391647,10811400,51.732152
2015-06-26,53.2808725619,54.2494334466,53.2808725619,20287600,53.939691
2015-06-29,53.723360735,53.8315257703,52.9317963798,9005000,52.93671
2015-06-30,53.5168658196,53.5316150386,53.0006284052,7531200,53.10879
2015-07-01,53.5660311541,53.802028,53.3890341343,5924000,53.802028
2015-07-02,54.0380247724,54.4411830351,53.6348620847,5900000,54.018358
2015-07-06,53.6348622358,54.3330181527,53.5955326242,4991400,54.003605
2015-07-07,54.1216055001,54.7361767724,53.6201133754,7207000,54.71651
2015-07-08,54.1904371348,54.4510148632,53.5906150798,6733600,53.723361
2015-07-09,54.2002686475,54.5345954196,53.6840307456,6165600,53.806945
2015-07-10,54.3428495535,54.4755989146,53.5906148097,5159200,54.337932
2015-07-13,54.6919253427,55.3359984904,54.4755987145,5047600,55.267167
2015-07-14,55.4785765115,55.5867420399,55.0262530336,5561400,55.232748
2015-07-15,55.0655857182,55.2573314625,54.9131730268,5016400,55.016421
2015-07-16,55.4392468996,55.5080788828,54.991837042,4334600,55.232748
2015-07-17,55.2475004827,55.5474112631,55.016421193,4545400,55.458913
2015-07-20,55.6899889826,55.8276558976,55.4687447993,5978200,55.621157
2015-07-21,55.5474108881,55.8374870513,55.4195790813,4626400,55.552325
2015-07-22,55.493328882,56.1570648704,55.493328882,5954200,56.093147
2015-07-23,56.2947285088,56.3930584373,55.9554841834,6714200,56.0489
2015-07-24,56.1373978297,56.1373978297,55.2966648278,5967200,55.552325
2015-07-27,55.2622497098,55.5179093921,54.5493445767,6648000,54.93284
2015-07-28,55.1000026748,56.0046535655,54.9918371462,6948200,55.788323
2015-07-29,55.842405557,56.707718966,55.8030720119,6839800,56.501224
2015-07-30,56.5159731204,56.7372212383,56.0194019872,5594000,56.545475
2015-07-31,56.7863854731,57.002715544,56.456976255,5078600,56.648722
2015-08-03,56.7913027701,57.0322137241,55.8473183516,4992000,56.456976
2015-08-04,56.5159722488,56.9977975972,56.2111473586,5229000,56.919131
2015-08-05,57.332125509,57.8778648004,57.204293209,6853000,57.400957
2015-08-06,57.5238707125,57.7696992199,56.230814239,6211400,56.599557
2015-08-07,56.4028934819,56.5208901827,55.6064076394,5907800,56.299646
2015-08-10,56.7323027272,57.115794709,56.4668074462,4613200,56.717554
2015-08-11,56.1177317536,56.5356397289,55.8669856902,5107400,56.275062
2015-08-12,55.8227378416,55.9259853229,54.4018495633,7127000,55.586741
2015-08-13,55.6899896903,56.3094785244,55.5326594424,5907800,55.852237
2015-08-14,55.8473186383,56.329144482,55.6113257283,4685200,56.225897
2015-08-17,56.1079009601,56.6044716035,55.6014907846,3917400,56.530726
2015-08-18,56.5995575809,56.8748840369,56.3389759188,3669400,56.452059
2015-08-19,56.0488997569,57.0567981134,55.8276555749,6188200,56.52089
2015-08-20,55.9063194338,56.2701446465,55.1835831204,6536800,55.213085
2015-08-21,54.8050083,54.8984246084,52.5286338479,15912800,52.543387
2015-08-24,49.2935336711,52.7941291854,46.4615882605,19882600,51.068416
2015-08-25,52.7449648326,52.7597140516,50.8766701155,13616200,50.901251
2015-08-26,52.3614721614,53.5955322539,51.1224979571,15156000,53.472618
2015-08-27,54.2641867063,55.4048304997,53.900357562,13617400,55.370415
2015-08-28,55.3605797189,55.5572435111,54.8885894692,7526200,55.311415
2015-08-31,55.2573320012,55.3064972116,54.6870118245,7073600,54.942672
2015-09-01,53.5807839082,53.9986918866,53.1137077691,9385200,53.408701
2015-09-02,54.1560211005,54.4657635445,53.6889444787,8536400,54.42643
2015-09-03,54.8256878974,55.2495816899,54.4215072983,6065000,54.638382
2015-09-04,53.8349507331,54.4313638073,53.6969381692,7126200,54.066616
2015-09-08,54.9390534146,55.1411459308,54.3278537289,5511400,55.081996
2015-09-09,55.5551827414,55.6931953024,54.027182059,6349800,54.150408
2015-09-10,54.0518297337,54.7320354619,53.6969380312,7363000,54.406717
2015-09-11,54.3327834924,55.1263551037,54.2144841243,5589600,55.116499
2015-09-14,54.9637000472,55.2347951475,54.7813241747,6833200,55.151002
2015-09-15,55.1559326471,56.2304628618,54.613738995,7699400,56.112163
2015-09-16,56.3536892845,57.1324782307,56.1121634786,8104400,56.969819
2015-09-17,56.8022293798,57.5662317008,56.4670548168,8062600,56.817016
2015-09-18,56.2649661158,56.9944612281,56.0727336462,18615000,56.70858
2015-09-21,57.0141776481,57.7141000103,56.5656371925,8746600,57.452862
2015-09-22,56.8071597908,57.2557041955,56.37833203,7555400,57.162051
2015-09-23,57.1620505279,57.4725784234,56.7825126545,9055800,56.895882
2015-09-24,56.3389021396,56.7578698493,55.9445776466,14352600,56.580424
2015-09-25,60.6912394751,62.0812281009,60.4792908549,36968200,61.612971
2015-09-28,61.3665193906,61.4946753566,59.5674196435,16450800,60.203266
2015-09-29,60.1342597666,60.1786191342,58.680195128,14414400,58.985793
2015-09-30,59.5132001158,60.6863135512,59.5132001158,9437800,60.612377
2015-10-01,60.706030459,61.0904944149,59.7793689042,8994200,61.036275
2015-10-02,60.1786187726,61.71648,59.9173807626,9114400,61.71648
2015-10-05,62.0270084258,62.347396862,61.1644268285,9646400,61.25315
2015-10-06,61.2531506122,61.5143925703,60.4250717777,7665400,60.720817
2015-10-07,60.9278351673,61.3418723602,59.6413558418,10215400,60.183549
2015-10-08,60.5877305384,61.731267287,60.4645045957,7622600,61.568612
2015-10-09,61.3960925958,61.7805565505,61.1644268381,6940600,61.583398
2015-10-12,61.7115508807,62.648068542,61.6228282016,5449000,62.317824
2015-10-13,62.1058747016,62.372043229,61.9037821853,6355400,62.012222
2015-10-14,62.1009445508,62.4065463647,61.8052027838,6509000,62.027008
2015-10-15,62.7072180254,63.6683788969,62.5790620596,10764800,63.481073
2015-10-16,63.8310378529,64.3683009875,63.5205060151,9321600,64.309155
2015-10-19,64.9203583523,65.8125126885,64.6246131359,12587800,65.659714
2015-10-20,65.5808475039,65.7336466855,65.0485104511,8869400,65.245669
2015-10-21,65.3836822284,65.664640828,64.9795050796,5504000,65.294963
2015-10-22,65.4921212975,65.7780064692,64.3633751173,9294800,65.26539
2015-10-23,65.5907075073,65.6547800677,63.5402263646,10517800,64.338728
2015-10-26,64.2105763204,65.1766637699,64.2105763204,6882800,64.7577
2015-10-27,64.5703942288,64.6886935987,63.9099051449,6150000,64.481675
2015-10-28,64.9252855659,65.0879447971,64.0429838678,7091400,64.713333
2015-10-29,64.4126613549,64.8020592773,64.0577775404,4959000,64.62954
2015-10-30,64.8414919301,64.8759912505,64.1119963276,7230800,64.58518
2015-11-02,64.9302120801,65.0632980705,63.8113259368,6123200,64.664047
2015-11-03,64.6886928193,64.9154246088,64.412660795,5492000,64.767552
2015-11-04,64.7626258977,64.9992177359,64.0183441618,5190200,64.254936
2015-11-05,64.6591124963,65.2801756768,64.3042286858,5068200,64.994291
2015-11-06,64.8661387722,65.5266278491,64.7478394034,4837600,64.954858
2015-11-09,64.6936198749,64.7774125301,63.717672381,6181200,64.314082
2015-11-10,64.1218493676,64.4175945866,63.8458247356,5287400,64.07749
2015-11-11,64.2155022664,64.3683009554,62.7367909655,8578000,62.805797
2015-11-12,62.5987783633,63.0916821299,61.8150633459,9388000,62.096018
2015-11-13,61.6524046348,61.7214106698,59.7152928157,16371000,60.065254
2015-11-16,60.0356807128,60.863759047,59.8089415281,9146400,60.853899
2015-11-17,60.6518102644,60.9229048728,59.3554708872,10581600,60.420145
2015-11-18,60.6468796712,62.1206609411,60.4595777194,10597800,61.997435
2015-11-19,62.2340302856,62.5938480621,61.8002725084,8557600,61.997435
2015-11-20,65.0978042217,65.4576220015,64.3140818071,19064800,65.383682
2015-11-23,65.4674823577,65.5562015862,64.9548584923,7135600,65.290037
2015-11-24,64.8809256121,65.5463412645,64.6985462884,5311600,65.314676
2015-11-25,65.5956345638,66.3202035972,65.5709878967,6989000,66.113185
2015-11-27,66.5025752509,66.6898811468,65.7188602331,4527800,66.211764
2015-11-30,66.0145982605,66.1427576765,64.8858515882,8738800,65.20131
2015-12-01,65.1224430403,65.7632194142,65.0238637659,6857000,65.709
2015-12-02,65.4822686686,65.6646405987,65.1125908419,7965600,65.383682
2015-12-03,65.6104209899,65.7336469318,63.5845860124,10649800,63.643732
2015-12-04,63.9789109523,65.5167682533,63.9789109523,7410400,65.225957
2015-12-07,65.5915853929,65.665697214,64.5342149435,6190000,65.023375
2015-12-08,64.6626781936,65.586647472,64.4452738319,5605800,65.072781
2015-12-09,64.6083267635,64.9937226613,63.1161505593,7442800,63.659658
2015-12-10,63.6003688741,64.0549385735,63.2495559223,5647800,63.56084
2015-12-11,63.0568610874,63.1161504454,62.0933664038,8276000,62.399709
2015-12-14,62.5677007792,63.4076708233,62.3157134717,7991400,63.175444
2015-12-15,64.035178058,64.2328145227,63.4175548414,6869600,63.546018
2015-12-16,63.9215302108,64.8257315917,63.6497819236,7542200,64.692323
2015-12-17,65.0727809154,65.1469001486,64.2674051783,7400800,64.341517
2015-12-18,64.0994063245,64.4946866678,63.4274317667,13804600,63.501551
2015-12-21,64.0746992305,64.3859838007,63.5460177123,8972600,64.133996
2015-12-22,64.9640785865,65.1469,64.1438803881,17218400,65.1469
2015-12-23,67.3159922788,67.3901041004,63.1556798099,57319400,63.595431
2015-12-24,63.7881290615,63.9660045486,61.4164549109,13889100,62.434296
2015-12-28,62.4639407348,63.1260348004,62.0587799042,8786800,63.056861
2015-12-29,63.5509569048,63.7189553618,63.2643787424,6708600,63.501551
2015-12-30,63.6003698293,63.6398987037,62.4244122513,5817900,62.50347
2015-12-31,62.4046521252,62.4244121154,61.762322,6393100,61.762322
2016-01-04,60.3887291545,61.1792858906,60.1416798656,11626800,60.793889
2016-01-05,60.9915288832,61.8512594126,60.9915288832,9220600,61.643739
2016-01-06,60.5764835792,61.3077514378,60.428256973,6551600,60.764244
2016-01-07,59.6772254541,60.5369559944,59.0744251871,10881300,59.143598
2016-01-08,59.3511215802,60.0725054968,57.9676445875,11191300,58.175165
2016-01-11,58.2739866323,59.3313575775,57.8490618599,12825000,58.847139
2016-01-12,59.6376958421,60.1021504775,58.8669040438,8292200,59.232536
2016-01-13,59.8155719979,59.8155719979,57.9775243262,9944300,58.086227
2016-01-14,58.3036315776,58.6494986021,56.6039314994,9989000,57.819413
2016-01-15,56.2580638067,57.4537813712,55.9220767753,12110100,56.880629
2016-01-19,57.5031903841,58.3728048524,56.9893268849,9924300,57.631657
2016-01-20,56.5742871049,58.8866684469,56.0801885276,16234200,58.343161
2016-01-21,58.3826901913,60.4381383078,58.3629252599,16121600,59.845221
2016-01-22,60.5666038283,60.7444793138,59.8748648406,8430100,60.161443
2016-01-25,60.3689639003,60.5764843137,59.9045102516,10383400,59.983568
2016-01-26,59.7760467636,60.6456572791,59.5586414171,8005200,60.388728
2016-01-27,60.2404970984,60.3788437108,58.5012720959,8593700,58.876788
2016-01-28,59.608051528,60.8729418917,59.2720645001,10207000,60.477666
2016-01-29,60.4776662769,61.4263345482,60.4776662769,10475200,61.278103
2016-02-01,61.0211740184,62.7208741047,60.9717651491,8247800,62.414532
2016-02-02,62.2761846506,62.7505192846,61.5745656594,9458500,61.811731
2016-02-03,62.1378368948,62.1576018257,60.5764834437,7213500,61.752441
2016-02-04,61.2879877181,61.4263353201,59.2819494644,10455700,59.459821
2016-02-05,59.0546596145,59.1337173627,56.3074735182,14415900,56.495229
2016-02-08,55.437858012,55.5465606865,53.0068940168,21214500,54.390372
2016-02-09,53.8567443696,55.9517213275,53.6393400096,10915700,55.022817
2016-02-10,55.8726674735,57.4933098004,55.2698662278,13376800,56.732398
2016-02-11,55.7936096975,56.2382994,54.7362387547,13090900,55.33904
2016-02-12,56.6928692769,56.771927025,54.8449416021,10229500,55.754081
2016-02-16,56.8905096399,57.3154344123,56.1493617811,8058000,57.107914
2016-02-17,57.9083507727,57.9083507727,56.4260550539,10332700,57.483426
2016-02-18,57.4834262256,58.2641029621,57.2956707435,9658600,57.908351
2016-02-19,57.8095333197,58.609974,56.9498027867,10080100,58.609974
2016-02-22,58.609974409,59.7661640953,58.5605615865,11523400,59.459821
2016-02-23,59.548757869,60.0230964505,59.1831259142,7504600,59.499349
2016-02-24,59.0348988901,59.9835671526,58.5012714484,10390800,59.687109
2016-02-25,59.9638028624,61.643739,59.9143939933,8524300,61.643739
2016-02-26,61.9006688744,62.7406394218,61.7326773343,8896100,61.86114
2016-02-29,61.7227925257,61.9401968852,60.853182005,7720600,60.863062
2016-03-01,61.2385786676,62.3552384879,61.0211743053,7438300,62.177363
2016-03-02,61.7820861584,62.1477181178,60.7741250599,8465800,61.485628
2016-03-03,61.4757200606,61.6243337771,60.3561773327,7924400,60.90109
2016-03-04,60.8515491825,60.9704415415,59.8211774687,7279400,60.69303
2016-03-07,60.504790708,60.5741418599,58.2458933393,12829600,58.701635
2016-03-08,58.4836700025,60.0391384927,58.166631637,9307900,59.256453
2016-03-09,59.0285821036,59.0682089267,57.4136669538,12766900,57.790151
2016-03-10,58.1567259201,58.4935791821,57.4334821519,9402600,58.33506
2016-03-11,58.5827463633,59.8806201883,58.5827463633,8834400,59.523955
2016-03-14,59.6329341842,60.7623863357,59.543766153,7090500,60.247198
2016-03-15,59.9400656208,61.1784967287,59.8013623275,6188800,60.831738
2016-03-16,60.9010884985,61.6540536133,60.7227544209,7018300,61.287479
2016-03-17,61.1884022781,62.7934119683,61.1685913433,9926800,62.595262
2016-03-18,62.9618361608,63.3878574501,62.2683137538,13192900,62.407022
2016-03-21,62.9618365021,64.6857345849,62.8132277415,13635400,64.12101
2016-03-22,64.2299928581,64.8343472378,63.5760972712,18212900,64.299345
2016-03-23,60.7623851611,62.8627633052,60.5840510836,26987000,61.862109
2016-03-24,61.4856284112,61.5648860203,60.5543262399,12231300,61.079424
2016-03-28,61.0100727568,61.4063687343,60.6831249592,7899000,60.772292
2016-03-29,60.6930297133,61.3271104031,60.683124246,7837800,60.920905
2016-03-30,61.1983118888,61.8323886188,61.1983118888,7859300,61.465814
2016-03-31,61.4162783388,62.0602595516,60.742570816,8257800,60.90109
2016-04-01,60.6534033801,61.2478493255,60.5840522283,7555300,61.019978
2016-04-04,61.1586820144,61.2775694196,58.8700593387,16523400,59.414972
2016-04-05,59.0682097459,59.6131184483,58.8898756645,7554000,59.117746
2016-04-06,59.0483941477,60.1184006228,58.6421897288,10201500,59.751826
2016-04-07,59.2366380865,60.019327542,59.1573765137,7092900,59.741916
2016-04-08,59.9301599884,59.9995111395,58.7709864931,8761700,58.870059
2016-04-11,59.1771922309,59.2267284846,57.2848694926,12593400,57.383942
2016-04-12,57.4632033042,58.0774641419,56.3634754916,12471100,58.008112
2016-04-13,58.4737628851,59.3951566153,58.2855233391,10629100,59.028582
2016-04-14,59.1573759018,59.781546168,58.8898747837,7785200,58.939415
2016-04-15,58.4737634524,59.0384880402,57.8495931805,7653600,58.949321
2016-04-18,58.830432462,59.444693302,58.830432462,6059600,59.018673
2016-04-19,59.4050629769,59.4347882961,58.7808966647,6594400,59.008767
2016-04-20,58.8799684628,59.6824738004,58.8799684628,7177500,59.068209
2016-04-21,59.9697872285,59.9697872285,59.1573764183,7156700,59.523955
2016-04-22,59.6230276699,59.6626584563,58.4242273399,8294300,58.879969
2016-04-25,58.7908018266,58.8700594363,58.2161678083,6117700,58.662004
2016-04-26,58.7610806743,59.4149723046,58.7214498878,5582200,58.988952
2016-04-27,59.0781191534,59.1771926523,58.0873742572,8094600,58.72145
2016-04-28,58.4044124059,59.3357106234,57.8793146407,6028600,57.998207
2016-04-29,57.8694082065,58.5431147221,57.5622753134,8178700,58.394502
2016-05-02,58.543115555,59.1970071824,58.4440430474,8647800,59.038488
2016-05-03,58.6917294116,59.296079833,58.4836700119,8061300,58.969136
2016-05-04,58.6818193952,59.4050621687,58.2756139933,8062800,58.562931
2016-05-05,58.3945026655,58.4341334517,57.4632034622,7846000,57.651444
2016-05-06,57.6217228793,57.8991304582,56.8489428549,7152000,57.889224
2016-05-09,58.0477431734,58.6421891174,57.9090398794,5604900,58.176541
2016-05-10,58.0675585197,59.4347874475,58.0675585197,7600200,58.652098
2016-05-11,57.9585758624,58.136909942,56.3238448182,12823000,56.482364
2016-05-12,56.9876459214,57.8000567291,56.7795904858,8083700,57.453298
2016-05-13,57.2056122962,57.5820923845,56.7498666716,7392600,56.779591
2016-05-16,56.7399598264,56.9975525069,56.1058840878,8045900,56.611162
2016-05-17,56.6210732081,56.8489435452,56.1257007565,7620700,56.571532
2016-05-18,56.2346777362,56.3436606643,55.1547658106,11532800,55.600602
2016-05-19,55.3033792545,56.7696806876,55.1547655409,9376500,56.512089
2016-05-20,55.3628250609,56.531904023,54.897173975,13745300,55.957271
2016-05-23,56.0761584159,56.4427369949,55.4321772139,7780700,55.471808
2016-05-24,55.5312497718,56.2445870792,55.3430102252,11098700,56.066253
2016-05-25,55.9473645533,56.1653264461,55.2538421442,9921500,55.471808
2016-05-26,55.5312504374,55.8383833367,55.0854142434,9063100,55.323195
2016-05-27,55.6501381116,56.0068072603,55.4618985653,8479000,55.669954
2016-05-31,55.8879194323,55.9473651167,54.6593937831,14233600,54.708934
2016-06-01,52.8364271519,54.530599929,52.4302177826,28409300,54.421617
2016-06-02,53.8751168443,54.3222514903,53.8751168443,13901700,54.183143
2016-06-03,53.9446708929,54.2228888636,53.0603330357,17217300,53.110014
2016-06-06,53.4279782329,54.1930813884,53.3484861056,13808300,53.954606
2016-06-07,53.8154978924,54.0042873489,53.209377,13334000,53.209377
2016-06-08,53.487598621,53.9943526115,53.3186779745,12068500,53.775751
2016-06-09,53.7658164763,54.6998353087,53.5372794672,11609800,54.590535
2016-06-10,54.2924426084,55.0078647895,54.2030150842,12183600,54.759455
2016-06-13,54.6501545256,55.2860826028,54.5309188184,8582200,54.560727
2016-06-14,54.2328280001,54.5905351211,53.736008414,9585600,53.775751
2016-06-15,53.8949912509,54.7097743869,53.8949912509,7498400,53.964545
2016-06-16,53.1994427427,53.2988046735,52.6032572468,14456500,53.129888
2016-06-17,53.1100148022,53.5273412677,52.8218584484,11007100,53.368359
2016-06-20,53.8850519149,54.7992019339,53.8850519149,8429400,54.014226
2016-06-21,54.1135888599,54.7395825383,54.0937160763,8278200,54.421618
2016-06-22,54.6501538391,54.789262328,54.1831424399,7019600,54.222889
2016-06-23,54.7594557676,54.8290095161,53.606834328,11219800,53.775751
2016-06-24,52.0269479843,53.0205871553,51.8480919399,18481200,52.255484
2016-06-27,51.6692373033,52.1859296764,51.1525449303,15265700,51.559936
2016-06-28,51.7089838559,52.8616053033,51.2419724483,20837800,52.752304
2016-06-29,54.1533353228,54.7892634045,52.553575249,36084800,54.779329
2016-06-30,54.938310525,55.0774190147,54.252696519,17350500,54.848883
2016-07-01,54.7197088569,55.4550028331,54.5607265903,9285100,55.256275
2016-07-05,54.9879914897,55.5543658148,54.6600885774,10256100,54.848883
2016-07-06,54.5309189458,55.455003379,54.4712996016,7863400,55.445065
2016-07-07,55.4450652919,55.6239213381,55.2065938758,6948000,55.564301
2016-07-08,55.7431557306,56.4585779239,55.7332213261,8645900,56.359215
2016-07-11,56.468516,56.8659696806,56.3492763187,8122500,56.468516
2016-07-12,56.7268609982,57.8298014857,56.7069882145,11164400,57.690692
2016-07-13,57.8099264535,58.068271642,57.3627888306,9126500,57.621137
2016-07-14,57.9291625769,58.2272533341,57.7801196824,7488400,58.117957
2016-07-15,58.2173191988,58.4955371739,57.501898,9225200,57.501898
2016-07-18,57.6310711939,57.7900534593,57.372727,6478900,57.372727
2016-07-19,57.0945062399,57.4025353791,56.7864810753,7442700,57.392597
2016-07-20,57.6211379858,57.7304343209,57.372728191,5872400,57.392597
2016-07-21,57.621137165,57.6608797507,56.2101675634,8262000,56.627498
2016-07-22,56.4585775251,56.597686015,56.0710582496,8614700,56.36915
2016-07-25,56.5082594202,56.7864813728,56.1008673546,7256300,56.776542
2016-07-26,56.8361614981,57.5018977545,55.8922032933,8546700,56.011439
2016-07-27,56.1406128134,56.6374323958,55.1171654673,10295400,55.43513
2016-07-28,55.2364014902,55.4550031014,54.6302815962,9574100,55.097293
2016-07-29,54.9184369906,55.3059562674,54.8588176467,6353400,55.146974
2016-08-01,55.375510532,55.5146190212,54.9482446985,6268400,55.057546
2016-08-02,54.8786911287,54.9283720933,54.4315525104,7145600,54.570661
2016-08-03,54.2030161707,54.8389452447,53.9347335927,9687300,54.401745
2016-08-04,54.6104076713,55.2165285573,54.3023825101,8678100,54.441491
2016-08-05,54.9681192239,55.7034132079,54.8190713602,7512500,55.494746
2016-08-08,55.7729668672,56.0313110607,55.3258282529,6307000,55.62392
2016-08-09,55.7232871327,55.8822694013,55.3357648721,8044400,55.415257
2016-08-10,55.5941131278,55.8226491456,54.7197096555,6881400,54.779329
2016-08-11,55.2761479089,56.5281312732,55.12710104,9539500,56.36915
2016-08-12,56.3393417919,56.398957161,55.7729674664,5393400,56.090932
2016-08-15,56.2896612862,56.6970523546,56.25984913,4836300,56.408896
2016-08-16,56.4387038791,56.6771792672,56.0611200007,4901800,56.518197
2016-08-17,56.5082584044,56.6076243083,56.1803594667,7340500,56.498324
2016-08-18,56.6274983632,57.0945057928,56.5380708378,6043600,56.846096
2016-08-19,57.0348902476,58.7638194195,56.885842385,15987100,58.525349
2016-08-22,58.445856268,59.0817843463,58.2769395955,8266000,58.286874
2016-08-23,58.425981885,59.4196210496,58.425981885,8222800,59.240766
2016-08-24,59.5090490856,59.9462533027,59.3401324134,11379000,59.836952
2016-08-25,59.6282841809,59.7673976383,58.6545187949,8713900,58.863186
2016-08-26,58.1974461571,58.8234398275,57.9291625877,9994300,58.624711
2016-08-29,58.8234403315,58.8731212967,58.1577000949,5831000,58.257066
2016-08-30,58.0881450257,58.3862357838,57.4820241369,6344600,57.631072
2016-08-31,57.4919636056,57.9092900714,56.8262233717,7723600,57.273361
2016-09-01,57.4626746563,58.3395120572,57.323178952,8225000,58.32955
2016-09-02,58.4192270559,58.967248818,57.7815288423,6933100,57.811419
2016-09-06,58.0405911993,58.1701248456,57.0043290038,9771800,57.203611
2016-09-07,57.2733598019,57.5722803076,56.8050474558,7536100,57.512498
2016-09-08,56.675517541,57.0641144956,55.9082856891,12741900,55.968067
2016-09-09,55.6791127571,55.7986803615,55.0713047068,11310400,55.131091
2016-09-12,54.8022759258,55.9182485483,54.7524566714,7470900,55.808643
2016-09-13,55.6591844441,55.7388948515,54.9218427493,7359400,55.170944
2016-09-14,54.9617001538,55.3602631528,54.7325270023,7621200,54.931809
2016-09-15,54.8022756481,55.3403353508,54.6129596922,6283900,55.270587
2016-09-16,55.041415294,55.1609829,54.852095351,11715400,54.981629
2016-09-19,55.180910152,55.2705866024,54.7325269035,7671300,54.752456
2016-09-20,55.0613389582,55.2406928567,54.5631364523,8563000,54.672742
2016-09-21,54.8222033983,55.1809101966,54.4136783424,8041700,55.141053
2016-09-22,55.2705862964,55.7787518495,55.041414143,8052400,55.210801
2016-09-23,54.8222033566,55.5097218134,54.7125988061,8921700,54.951738
2016-09-26,54.6029930108,54.8022750073,53.8855844,11629600,54.204434
2016-09-27,54.0549715441,55.3403349975,53.706231785,17945200,55.141053
2016-09-28,54.4037117762,54.8022757746,52.6101837473,33213000,53.058567
2016-09-29,52.7297508101,53.3873820983,51.9326278034,16993900,51.972485
2016-09-30,52.3810106076,52.8692500517,52.0920521625,12940200,52.460725
2016-10-03,52.3511203376,52.8094656468,52.2315487469,7632500,52.48065
2016-10-04,52.7098267935,52.869250598,51.8927746889,10737400,51.952556
2016-10-05,51.9625231394,52.450758604,51.9126989034,7244100,51.932628
2016-10-06,52.0123418423,52.1418754883,51.783168693,9391700,51.842951
2016-10-07,52.2315481614,52.2714053579,51.4942104535,8407100,51.603816
2016-10-10,51.9425937004,52.0621613041,51.5838869036,5469300,51.603816
2016-10-11,51.7632406462,52.0621611492,51.3347855006,9203500,51.633707
2016-10-12,51.8230218553,52.520506349,51.6137778025,9301300,52.251477
2016-10-13,51.9326274497,52.1319094455,51.314857348,8425800,51.842951
2016-10-14,52.1916947913,52.3112623946,51.434425,7133800,51.434425
2016-10-17,51.4643200873,51.5639585942,50.7767976502,7904000,50.846546
2016-10-18,51.1155764086,51.4742832114,51.0059718567,6805200,51.035866
2016-10-19,51.1554336876,51.6536361972,50.9561516873,6999000,51.613779
2016-10-20,51.5838873951,52.1717673478,51.5041739979,6590500,51.703455
2016-10-21,51.5539978421,51.6835275058,51.0657573884,9161000,51.583888
2016-10-24,51.97248545,52.102019098,51.6436737887,7578200,51.683527
2016-10-25,50.7867645916,51.2550729557,50.527697295,14975300,50.866475
2016-10-26,50.766835897,52.0820895045,50.7170166432,12401100,51.783169
2016-10-27,52.1518382511,52.1518382511,51.5041739979,7939200,51.703455
2016-10-28,51.9326285053,52.3112634083,51.6038168424,9096700,51.832989
2016-10-31,50.6970874978,50.9661178447,49.8202500996,17931300,49.999603
2016-11-01,50.3184523946,50.3284144517,48.963340601,14100400,49.441615
2016-11-02,49.0629845925,50.0892797581,48.833807455,10775900,49.541258
2016-11-03,49.8003212467,49.8202493465,49.1327309019,7678700,49.55122
2016-11-04,49.6209681994,50.2686334447,49.5811110028,9925200,49.780393
2016-11-07,50.2985248462,50.7469071002,50.099242848,8358700,50.726979
2016-11-08,50.9162941146,51.3048960549,50.766836352,8107100,50.89637
2016-11-09,49.8899987383,51.0856847476,49.6209683898,9058600,50.936223
2016-11-10,51.1056145115,51.1853249204,50.149066688,12316100,50.208848
2016-11-11,50.0394612339,50.667193409,49.9996040366,6283600,50.587483
2016-11-14,50.9960078454,51.005970899,50.029494,8063900,50.029494
2016-11-15,50.2785956595,50.4579485608,49.5711491009,9299800,49.949784
2016-11-16,49.8202505919,50.617373605,49.7704313378,6760300,50.497806
2016-11-17,50.756869753,51.4842444073,50.5376626456,7671600,51.404534
2016-11-18,51.2052524492,51.703454954,50.7767982951,7461600,50.916294
2016-11-21,50.8166545986,51.2351427025,50.7668353454,5357200,51.095647
2016-11-22,51.2849667907,51.5639591968,50.8664746943,5228100,51.524102
2016-11-23,51.5241018558,51.6635975602,51.0159372956,4141600,51.155433
2016-11-25,51.4942108012,51.5539970945,51.1653951559,2736800,51.334786
2016-11-28,51.2550731544,51.2550731544,50.4280589818,8602100,50.826618
2016-11-29,51.0159368484,51.1853237051,50.3882007038,6065700,50.447986
2016-11-30,50.3383802469,50.6273386912,49.889998,8198400,49.889998
2016-12-01,50.110001,51.25,50.060001,7610100,50.650002
2016-12-02,50.259998,50.68,50.110001,6730200,50.459999
2016-12-05,50.799999,52.27,50.700001,11995300,51.849998
2016-12-06,50.830002,51.099998,50.259998,12411900,50.57
